HTid,recordid,OCLC,LOCnum,author,imprint,date,enumcron,materialtype,subjects,genres,title,firstpub,Hackettlist,NumInList,Jgenre,Present
uc2.ark:/13960/t22b8vz7q,9261014,15096075,<blank>,"Maclaren, Ian,","New York;Dodd, Mead and Co;c1894",1894,<blank>,,<blank>,Not fiction,Beside the bonnie brier bush,1894,1895,1,fic,
mdp.39015006977899,164883,1937066,PZ3.D892T2,"Du Maurier, George,",New York;Harper & brothers;1894.,1894,<blank>,,"Quartier latin (Paris, France)",Fiction,Trilby,1894,1895,2,fic,
uc2.ark:/13960/t7pn8xx37,7649666,7114268,PS2927.A7 1899,"Stockton, Frank Richard,",New York;C. Scribner's Sons;1895.,1895,<blank>,,<blank>,Fiction,The adventures of Captain Horn,1895,1895,3,fic,y
yale.39002053276151,1595622,2304140,CB417.N8,"Nordau, Max Simon,",New York;D. Appleton and company;1895.,1895,<blank>,,Europe;Intellectual life;Comparative literature;Degeneration,Not fiction,Degeneration,1895,1895,9,non,y
uc1.$b405094,1786762,1215693,<blank>,"Maartens, Maarten,",New York;Harper & brothers;1895.,1895,<blank>,,<blank>,Unknown;biog?,My Lady Nobody;,1895,1895,10,fic,y
uc1.b3326082,7922851,9156593,<blank>,"Smith, Francis Hopkinson,",New York;Grosset & Dunlap;1896.,1896,<blank>,,<blank>,Fiction,Tom Grogan,1896,1896,1,fic,
uc2.ark:/13960/t9z030k35,7654203,7931938,<blank>,"Burnett, Frances Hodgson,",New York;Collier;c1896.,1896,<blank>,,<blank>,Not fiction,A lady of quality,1896,1896,2,fic,
uc2.ark:/13960/t8cf9s57f,7695421,156781019,<blank>,"Parker, Gilbert,",London;Methuen;1898.,1898,<blank>,,"United States;French and Indian War, 1754-1763;Fiction;History",Fiction,The seats of the mighty,1896,1896,3,fic,
nyp.33433076056922,8660396,22881211,<blank>,"Phelps, Elizabeth Stuart,","Boston;New York;Houghton, Mifflin and company;1897.",1897,<blank>,,American fiction,Fiction,A singular life,1895,1896,4,fic,y
mdp.39015065437900,392310,3544872,PZ3.F873D,"Frederic, Harold,",Chicago;Stone & Kimball;1896.,1896,<blank>,,<blank>,Fiction,The damnation of Theron Ware,1896,1896,5,fic,y
nyp.33433074816681,8660759,6464663,<blank>,"Bangs, John Kendrick,",New York;London;Harper & brothers;1899.,1899,<blank>,,<blank>,Not fiction,A house-boat on the Styx,1896,1896,6,fic,
uc2.ark:/13960/t2h70b38r,6131602,1854295,<blank>,"Maclaren, Ian,","New York;Dodd, Mead;1896.",1896,<blank>,,<blank>,Not fiction,Kate Carnegie,1896,1896,7,fic,y
uva.x000208724,9794402,1814073,<blank>,"Crane, Stephen,",New York;D. Appleton and Company;1914.,1914,<blank>,,"History;Fiction;Civil War, 1861-1865;United States",Fiction,The red badge of courage;,1895,1896,8,fic,y
uc1.b3579198,6678392,23072614,<blank>,"Barrie, J. M.",New York;C. Scribner's Sons;1897 [c1896,1897,<blank>,,<blank>,Not fiction,Sentimental Tommy,1896,1896,9,fic,
uc2.ark:/13960/t22b8vz7q,9261014,15096075,<blank>,"Maclaren, Ian,","New York;Dodd, Mead and Co;c1894",1894,<blank>,,<blank>,Not fiction,Beside the bonnie brier bush,1894,1896,10,fic,
mdp.39015012306877,1852814,5523335,<blank>,"Sienkiewicz, Henryk,","Boston;Little, Brown, and company;1898.",1898,<blank>,,"Primitive and early church, ca. 30-600;Nero, 54-68;Rome;Church history;Fiction;History",Unknown;biog?,Quo vadis,1895,1897,1,fic,
mdp.39015063740164,242916,544175,<blank>,"Allen, James Lane,","New York;The Macmillan company;London;Macmillan & co., ltd.;1897.",1897,<blank>,,<blank>,Fiction,The choir invisible,1897,1897,2,fic,
nyp.33433074845995,6131639,272031,PZ3.D298So,"Davis, Richard Harding,",New York;C. Scribner's sons;1897.,1897,<blank>,,<blank>,Fiction,Soldiers of fortune,1897,1897,3,fic,y
mdp.39015002646134,1774986,9499197,<blank>,"Steel, Flora Annie Webster,",London;W. Heinemann;1897.,1897,<blank>,,"Sepoy Rebellion, 1857-1858;Fiction;India;History",Unknown;biog?,On the face of the waters,1896,1897,4,fic,
nyp.33433074857511,7662562,5753805,<blank>,"Hope, Anthony,",New York;F. A. Stokes;c1897.,1897,<blank>,,<blank>,Fiction,Phroso,1897,1897,5,fic,
uc2.ark:/13960/t72v2nt29,6673998,21073169,<blank>,"Caine, Hall,",New York;D. Appleton and company;1898.,1898,<blank>,,<blank>,Not fiction,The Christian,1897,1897,6,fic,y
uc2.ark:/13960/t86h4g69c,7646526,400124,DA816.B2,"Barrie, J. M.",London;Hodder & Stoughton;1897.,1897,<blank>,,"Barrie, Margaret Ogilvy",Not fiction,Margaret Ogilvy,1896,1897,7,fic,
mdp.39015030847316,427297,225196,PZ3.P224Pu,"Bangs, John Kendrick,",New York;Harper & brothers;1897.,1897,<blank>,,<blank>,Not fiction,The pursuit of the house-boat,1897,1897,9,fic,y
uc1.b3326073,7922848,3122744,<blank>,"Smith, Francis Hopkinson,",New York;Grosset & Dunlap;1898.,1898,<blank>,,<blank>,Fiction,Caleb West,,1898,1,fic,
uc1.b3327354,7127485,2130213,<blank>,"Mitchell, S. Weir",New York;Century;1899.,1899,v. 2,,"United States;History;Revolution, 1775-1783;Quakers;Fiction",Not fiction,"Hugh Wynne, Free Quaker",,1898,2,fic,y
uc1.b3146409,5956021,169974,PZ3.W64Pep2,"Wiggin, Kate Douglas Smith,","Boston;New York;Houghton, Mifflin and Co.;1898;(Cambridge [Mass.;The Riverside Press)",1898,<blank>,,Scotland;Fiction,Fiction,Penelope's progress,,1898,3,fic,y
coo.31924013567163,11405842,14950853,<blank>,"Ward, Humphry,",Leipzig;B. Tauchnitz;1898.,1898,v.1,,<blank>,biog?;Not fiction,Helbeck of Bannisdale,,,4,fic,
mdp.39015012306877,1852814,5523335,<blank>,"Sienkiewicz, Henryk,","Boston;Little, Brown, and company;1898.",1898,<blank>,,"Primitive and early church, ca. 30-600;Nero, 54-68;Rome;Church history;Fiction;History",Unknown;biog?,Quo vadis,1895,1898,5,fic,
uva.x030765273,9794051,3092045,<blank>,"Castle, Agnes Sweetman,","New York;American News;1900, c1898",1900,<blank>,,Fiction;History;Moravia (Czech Republic),Not fiction,"The pride of Jennico, being a memoir of Captain Basil Jennico;",,,6,fic,
mdp.39015063973542,325108,870638,PZ3.W547Sh,"Weyman, Stanley John,","New York;Longmans, Green and Co.;1898.",1898,<blank>,,"William and Mary, 1689-1702;Great Britain;History",Fiction,Shrewsbury;,,,8,fic,y
nyp.33433074853197,5974552,913774,PZ3.H314,"Hope, Anthony,",New York;F.A. Stokes Company;c1897,1897,<blank>,,<blank>,Fiction,Simon Dale,,,9,fic,y
uc1.b3569203,10118846,<blank>,<blank>,"Mitchell, S. Weir",New York;The Century co.;1898.,1898,<blank>,,"Fiction;Revolution, 1789-1799;History;France",Not fiction,The adventures of Fran√ßois,,,10,fic,
uc1.b4105551,2934018,4484777,<blank>,"Westcott, Edward Noyes,",New York;Grosset & Duplap;c1898.,1898,<blank>,,<blank>,Fiction,David Harum,1899,1899,1,fic,
umn.31951002044244p,11225266,6056771,PS2359 M648W4 1899,"Major, Charles,","Indianapolis, Ind.;Bowen-Merrill;1899",1899,<blank>,,"Fiction;Henry VIII, 1509-1547;Great Britain;History",Not fiction,"When knighthood was in flower, or, The love story of Charles Brandon and Mary Tudor, the king's sister, and happening in the reign of ... Henry VIII; rewritten and rendered into modern English from Sir Edwin Caskoden's memoir",1898,1899,2,fic,
uc2.ark:/13960/t70v8f975,7694183,1803730,<blank>,"Churchill, Winston,","New York;The Macmillan Company;1900,c1899.",1900,<blank>,,<blank>,Not fiction,Richard Carvel,1899,1899,3,fic,
mdp.39015015368007,590996,8089410,<blank>,"Kipling, Rudyard,",Leipzig;B. Tauchnitz;1898.,1898,<blank>,,"Short stories, English",Fiction,The day's work,1898,1899,4,fic,
uc1.b3569209,6676267,10321106,<blank>,"Page, Thomas Nelson,",New York;C. Scribner;1898,1898,<blank>,,Reconstruction;Fiction,Fiction,Red Rock,1898,1899,5,fic,
mdp.39015063959137,561400,2882986,<blank>,"Watts-Dunton, Theodore,","London;Hurst and Blackett, limited;1899.",1899,<blank>,,<blank>,Fiction,Aylwin,1898,1899,6,fic,
nyp.33433076065998,8689733,2231759,<blank>,"Ford, Paul Leicester,","New York;Dodd, Mead & Co.;1899;(New York;Press of J. J. Little).",1899,v. 1,,"United States;Fiction;Revolution, 1775-1783;History",Fiction,Janice Meredith,1899,1899,7,fic,y
mdp.39015054194157,1910141,3509940,<blank>,"Dunne, Finley Peter,","Boston, Small;Maynard & company;1899.",1899,<blank>,,<blank>,Unknown;biog?,Mr. Dooley in peace and in war,1898,1899,8,fic,
uc2.ark:/13960/t4jm27x38,7693720,13344633,<blank>,"Whiteing, Richard,",London;Richards;1899.,1899,<blank>,,<blank>,Not fiction,No. 5 John street,1899,1899,9,fic,
nyp.33433076090905,326842,1198944,PZ3.F873Ma,"Frederic, Harold,",New York;F. A. Stokes company;c1899,1899,<blank>,,<blank>,Fiction,The market-place,1899,1899,10,fic,y
uc1.b102395,6601802,1248709,PZ3.J646To,"Johnston, Mary,","Boston;and New York;Houghton, Mifflin and company;1900.",1900,<blank>,,"Colonial period, ca. 1600-1775;Fiction;Virginia;History",Unknown;biog?,To have and to hold,1900,1900,1,fic,y
uc2.ark:/13960/t58c9t779,7655793,1494802,<blank>,"Cholmondeley, Mary,",New York;Harper;1900 [c1899,1900,<blank>,,<blank>,Unknown,Red pottage,1899,1900,2,fic,y
mdp.39015005148344,5262003,913934,PS1762.U5 1900,"Grant, Robert,",New York;C. Scribner's Sons;1900.,1900,<blank>,,<blank>,Fiction,Unleavened bread,1900,1900,3,fic,y
mdp.39015014459955,1375122,606400,PS1034.R42 1900,"Allen, James Lane,","New York;Macmillan;London;Macmillan and co., ltd.;1900.",1900,<blank>,,<blank>,Fiction,The reign of law,1900,1900,4,fic,
nyp.33433082266325,114430,270677,<blank>,"Bacheller, Irving,",Boston;Lothrop publishing company;c1900,1900,<blank>,,<blank>,Fiction,Eben Holden;,1900,1900,5,fic,
nyp.33433076065998,8689733,2231759,<blank>,"Ford, Paul Leicester,","New York;Dodd, Mead & Co.;1899;(New York;Press of J. J. Little).",1899,v. 1,,"United States;Fiction;Revolution, 1775-1783;History",Fiction,Janice Meredith,1899,1900,6,fic,y
uc1.$b799569,779319,7002622,PZ3.G695R,"Goss, Charles Frederic,",Indianapolis;The Bowen-Merrill company;1900,1900,<blank>,,<blank>,Fiction,The redemption of David Corson,1900,1900,7,fic,y
uc2.ark:/13960/t70v8f975,7694183,1803730,<blank>,"Churchill, Winston,","New York;The Macmillan Company;1900,c1899.",1900,<blank>,,<blank>,Not fiction,Richard Carvel,1899,1900,8,fic,
umn.31951002044244p,11225266,6056771,PS2359 M648W4 1899,"Major, Charles,","Indianapolis, Ind.;Bowen-Merrill;1899",1899,<blank>,,"Fiction;Henry VIII, 1509-1547;Great Britain;History",Not fiction,"When knighthood was in flower, or, The love story of Charles Brandon and Mary Tudor, the king's sister, and happening in the reign of ... Henry VIII; rewritten and rendered into modern English from Sir Edwin Caskoden's memoir",1898,1900,9,fic,
uc1.b3329009,7929377,42380311,<blank>,"Thompson, Maurice,",Indianapolis;Bobbs-Merrill;c1900.,1900,<blank>,,"Indiana;Fiction;Revolution, 1775-1783;History",Fiction,Alice of old Vincennes,1900,1900,10,fic,
uc2.ark:/13960/t5m904803,663882,757330,PZ3.C474Cr,"Churchill, Winston,","New York;The Macmillan company;London;Macmillan & co., ltd.;1901.",1901,<blank>,monograph,"History;Fiction;Civil War, 1861-1865;United States",,The crisis,1901,1901,1,fic,
uc1.b3329009,7929377,42380311,<blank>,"Thompson, Maurice,",Indianapolis;Bobbs-Merrill;c1900.,1900,<blank>,,"Indiana;Fiction;Revolution, 1775-1783;History",Fiction,Alice of old Vincennes,1900,1901,2,fic,
mdp.39015063927910,779936,3661560,<blank>,"Runkle, Bertha.",New York;Grosset & Dunlap;c1901,1901,<blank>,monograph,<blank>,Fiction,The helmet of Navarre;,1901,1901,3,fic,
nyp.33433082266325,114430,270677,<blank>,"Bacheller, Irving,",Boston;Lothrop publishing company;c1900,1900,<blank>,,<blank>,Fiction,Eben Holden;,1900,1901,5,fic,
nyp.33433074864814,8667319,5805904,<blank>,"Glyn, Elinor,",Leipzig;B. Tauchnitz;1901.,1901,<blank>,monograph,English fiction,Fiction,The visits of Elizabeth,1900,1901,6,fic,y
mdp.39015030760691,631194,33600432,PZ3.M139Gr2,"McCutcheon, George Barr,",New York;Grosset & Dunlap;c1901,1901,<blank>,monograph,<blank>,Fiction,Graustark,1901,1901,9,fic,
nyp.33433082266333,8656871,7445999,<blank>,"Bacheller, Irving,",New York;Harper & Brothers;1904.,1904,<blank>,monograph,History;War of 1812;Fiction;United States,Fiction,D'ri and I,1901,1901,10,fic,
,8660670,31284275,<blank>,"Wister, Owen,",New York,Macmillan Co.,1904,1904,<blank>,monograph,American fiction,Fiction,The Virginian,1902,1902,1
,1031692,2486364,PZ3.R36Mi4,"Rice, Alice Caldwell Hegan,",New York,Century,1902,1902,<blank>,monograph,<blank>,Not fiction,Mrs. Wiggs of the cabbage patch,1901,1902,2
,,,,"Major, Charles",,,,,,,Dorothy Vernon of Haddon Hall,,,3,,n
,450526,6953674,<blank>,"Hough, Emerson,","New York;McKinlay, Stone & Mackenzie;c1902",1902,<blank>,monograph,"Fiction;Law, John;1671-1729",Fiction,The Mississippi bubble,1902,1902,4,fic,
,482843,169852,<blank>,"Johnston, Mary,","Boston;Houghton, Mifflin;1902.",1902,<blank>,monograph,<blank>,Fiction,Audrey,1902,1902,5,fic,
,1024215,169519,PS8481.A7R5 1901,"Parker, Gilbert,",New York,Harper & brothers,1901,1901,<blank>,monograph,<blank>,Not fiction,The right of way,1901,1902,6
,123880,274945,PZ3.T175Tw,"Tarkington, Booth,","New York;McClure, Phillips & co.;1902.",1902,<blank>,monograph,<blank>,Fiction,The two Vanrevels,1902,1902,8,fic,y
,6676278,189449,PZ3.V228Bl,"Van Dyke, Henry,",New York,C. Scribner's Sons,1902,1902,<blank>,monograph,<blank>,Fiction,Pictorial cloth bindings (Binding),The blue flower,1902,1902
,8664918,5698075,<blank>,"Malet, Lucas,","New York;Dodd, Mead;1902, c1901.",1902,<blank>,monograph,English fiction,Fiction,The history of Sir Richard Calmady,1901,1902,10,fic,y
pst.000062848473,7059700,3856346,<blank>,"Ward, Humphry,",New York;Grosset & Dunlap;1903].,1903,<blank>,monograph,<blank>,Not fiction,Lady Rose's Daughter,1903,1903,1,fic,
mdp.39015063946241,247341,1749972,PZ3.P145Go,"Page, Thomas Nelson,",New York;C. Scribner's sons;1903.,1903,<blank>,monograph,<blank>,Not fiction,Gordon Keith,1903,1903,2,fic,y
mdp.39015005481349,1020785,6474431,PZ3.N792P,"Norris, Frank,","New York;Doubleday, Page & Co.;1903.",1903,<blank>,monograph,Fiction;Economic conditions;Chicago (Ill.),Fiction;Insertions (Provenance);Bookplates (Provenance);Autographs (Provenance),The pit,1903,1903,3,fic,y
uc2.ark:/13960/t4sj1bv84,6498811,4477884,PS3535.I17L6 1903,"Rice, Alice Caldwell Hegan,",New York;The Century Co.;1903.,1903,<blank>,monograph,<blank>,Fiction;Bookplates (Provenance),Lovey Mary,1903,1903,4,fic,y
nyp.33433074795125,8660670,31284275,<blank>,"Wister, Owen,",New York;Macmillan Co.;1904.,1904,<blank>,monograph,American fiction,Fiction,The Virginian,1902,1903,5,fic,y
mdp.39015004288257,1031692,2486364,PZ3.R36Mi4,"Rice, Alice Caldwell Hegan,",New York;Century;1902.,1902,<blank>,monograph,<blank>,Not fiction,Mrs. Wiggs of the cabbage patch,1901,1903,6,fic,
mdp.39015063739901,242927,230991,PZ3.A427M,"Allen, James Lane,","New York;The Macmillan company;London;Macmillan & co., ltd.;1903.",1903,<blank>,monograph,<blank>,Fiction,The mettle of the pasture,1903,1903,7,fic,
uc1.b3688438,10137393,<blank>,<blank>,"Lorimer, George Horace,","Boston;Small, Maynard;1902.",1902,<blank>,monograph,<blank>,Fiction,Letters from a self-made merchant to his son,1903,1903,8,fic,y
uc1.$b799116,1375266,1197848,<blank>,"Dixon, Thomas,","New York;Doubleday, Page;1903.",1903,<blank>,monograph,<blank>,Not fiction,The one woman,1903,1903,9,fic,y
uc2.ark:/13960/fk0000004w,11715876,48412884,<blank>,"Churchill, Winston,",New York;Grosset and Dunlap;c1903.,1903,<blank>,monograph,Fiction;Kentucky;Louisiana,Fiction,The crossing,1904,1904,1,fic,
wu.89095151387,5974479,3386423,PZ3.M582,"Michelson, Miriam,",Indianapolis;The Bobbs-Merrill Company;1904,1904,<blank>,monograph,<blank>,Fiction,In the bishop's carriage,1904,1904,4,fic,
uc1.b3688014,6497681,1072436,<blank>,"Johnston, Mary,","New York;London;Harper and Brothers;1904, c1903.",1904,<blank>,monograph,<blank>,Fiction,Sir Mortimer,1904,1904,5,fic,
uc2.ark:/13960/t7br8n136,7645990,10820009,PZ3.M139Be,"McCutcheon, George Barr,","New York;Dodd, Mead & Company;1904.",1904,<blank>,monograph,<blank>,Fiction,Beverly of Graustark,1904,1904,6,fic,
mdp.39015004288414,390380,15145313,PZ3.F833L,"Fox, John,",New York;C. Scribner's sons;1903,1903,<blank>,monograph,"History;Fiction;Civil War, 1861-1865;United States",Fiction,The little shepherd of Kingdom Come,1903,1904,7,fic,y
uc1.b3549033,6672792,1712482,<blank>,"Wiggin, Kate Douglas Smith,",New York;Grosset & Dunlap;1903,1903,<blank>,monograph,<blank>,Fiction;Juvenile audience,Rebecca of Sunnybrook farm,1903,1904,8,fic,y
uc2.ark:/13960/t2c824q48,7661027,7142784,<blank>,"Harland, Henry,",London;J. Lane;Bodley Head;1904.,1904,<blank>,monograph,<blank>,Not fiction,My friend Prospero,1903,1904,9,fic,
uc1.b3295320,3151034,6695213,<blank>,"White, Stewart Edward,",New York;Grosset & Dunlap;1904.,1904,<blank>,monograph,"Fiction;Northwest, Canadian",Fiction,The silent places,1904,1904,10,fic,
mdp.39015063973492,785215,1908718,<blank>,"Ward, Humphry,","London;Smith, Elder & co.;1905.",1905,<blank>,monograph,<blank>,Fiction,The marriage of William Ashe,1905,1905,1,fic,
nyp.33433076048598,6498808,286012,<blank>,"Rice, Alice Caldwell Hegan,",New York;The Century co.;1905.,1905,<blank>,monograph,<blank>,Fiction,Sandy,1905,1905,2,fic,
mdp.39015059377633,115974,365022,<blank>,"Hichens, Robert,",New York;Grosset & Dunlap;1904,1904,<blank>,monograph,<blank>,Not fiction,The garden of Allah,1904,1905,3,fic,
mdp.39015063941473,246160,7525521,<blank>,"McCutcheon, George Barr,",New York;Grosset & Dunlap;1905,1905,<blank>,monograph,<blank>,Fiction,Nedra,1905,1905,5,fic,
uc2.ark:/13960/t04x59c1c,7692735,4482861,PZ3.T428G,"Thurston, Katherine Cecil,",New York and London;Harper & brothers;1905.,1905,<blank>,monograph,<blank>,Fiction,The gambler,1905,1905,6,fic,y
mdp.39015063958998,168694,276191,<blank>,"Wiggin, Kate Douglas Smith,",Boston;New York;Houghton Mifflin company;1905.,1905,<blank>,monograph,<blank>,Fiction,Rose o' the river,1905,1905,10,fic,
uc2.ark:/13960/t72v2cw1d,7646968,271149,PZ3.C474Co,"Churchill, Winston,","New York;The Macmillan company;London;Macmillan & co., ltd.;1906.",1906,<blank>,monograph,<blank>,Fiction,Coniston,1906,1906,1,fic,y
mdp.39015036778382,779376,276348,<blank>,"Wister, Owen,","New York;The Macmillan company;London;Macmillan & co., ltd.;1906.",1906,<blank>,monograph,<blank>,Not fiction,Lady Baltimore,1906,1906,2,fic,
nyp.33433074809041,6501335,7034148,PZ3.C355F,"Chambers, Robert W.",New York;D. Appleton and company;1906.,1906,<blank>,monograph,<blank>,Not fiction,The fighting chance,1906,1906,3,fic,
mdp.39015063941507,246203,289262,PZ3.M139J,"McCutcheon, George Barr,","New York;Dodd, Mead & company;1906.",1906,<blank>,monograph,<blank>,Fiction,Jane Cable,1906,1906,5,fic,y
mdp.39015026884190,1112564,618893,PZ3.S616J,"Sinclair, Upton,","New York;Doubleday, Page & Company;1906.",1906,<blank>,monograph,<blank>,Not fiction;Publishers' advertisements,The jungle,1906,1906,6,fic,y
mdp.39015021067031,240915,6263553,PZ3.M12L4,"Little, Frances,",New York;The Century co.;1907.,1907,<blank>,monograph,<blank>,Not fiction,The lady of the decoration,1907,1907,1,fic,y
nyp.33433076048002,6498876,758057,PZ3.R524S,"Rives, Hallie Erminie,",Indianapolis;The Bobbs-Merrill Company;1907,1907,<blank>,monograph,<blank>,Fiction,Satan Sanderson,1907,1907,6,fic,
uc2.ark:/13960/t55d8p01n,7645992,1161146,PZ3.M139Da,"McCutcheon, George Barr,","New York;Dodd, Mead and Company;1907.",1907,<blank>,monograph,<blank>,Fiction,The daughter of Anderson Crow,1907,1907,7,fic,y
uc2.ark:/13960/t15m62b3v,7666326,4327931,<blank>,"MacGrath, Harold,",New York;Grosset & Dunlap;c1906.,1906,<blank>,monograph,<blank>,Fiction,Half a rogue,1906,1907,10,fic,y
mdp.39015004288364,663357,2156255,PZ3.C474Mi,"Churchill, Winston,",New York;The Macmillan Company;1908.,1908,<blank>,monograph,<blank>,Fiction,Mr. Crewe's career,1908,1908,1,fic,
mdp.39015030855798,426213,892650,PZ3.B353Ba,"Beach, Rex,",New York;A. L. Burt co.;c1908,1908,<blank>,monograph,<blank>,Fiction,The barrier,1908,1908,2,fic,
nyp.33433076026172,8690441,6209999,PZ3.S647P,"Smith, Francis Hopkinson,",New York;C. Scribner's Sons;1908.,1908,<blank>,monograph,American fiction,Fiction,Peter;,1908,1908,6,fic,y
mdp.39015063920121,781854,169844,PZ3.J646Le,"Johnston, Mary,",Boston;New York;Houghton Mifflin company;1908.,1908,<blank>,monograph,"History;Constitutional period, 1789-1809;Fiction;United States",Fiction,Lewis Rand,1908,1908,7,fic,
mdp.39015063977006,783526,1855072,PZ3.V277BL,"Vance, Louis Joseph,",Indianapolis;The Bobbs-Merrill company;c1908,1908,<blank>,monograph,<blank>,Fiction,The black bag,1908,1908,8,fic,y
njp.32101063581712,6131061,3859174,<blank>,"King, Basil,",New York;London;Harper & Brothers;1909.,1909,<blank>,monograph,<blank>,Fiction,The inner shrine,1909,1909,1,fic,
uc2.ark:/13960/t7kp7v701,7663802,3566048,PZ3.L241K2,"Lane, Elinor Macartney,",New York and London;Harper & brothers;c1909,1909,<blank>,monograph,<blank>,Fiction,Katrine;,1909,1909,2,fic,y
nyp.33433074837448,6548040,284814,<blank>,"Beach, Rex,",New York;and London;Harper & brothers;1909.,1909,<blank>,monograph,<blank>,Not fiction,The silver horde;,1909,1909,3,fic,y
pst.000006097677,9430267,316876387,<blank>,"McCutcheon, George Barr,","New York;Dodd, Mead;1909.",1909,<blank>,monograph,<blank>,Not fiction,Truxton King,1909,1909,6,fic,y
mdp.39015063923869,450234,8618558,<blank>,"Hough, Emerson,","New York;McKinlay, Stone & Mackenzie;c1909",1909,<blank>,monograph,Fiction;History;Oregon treaty;1815-1861;United States,Fiction,54-40 or fight,1909,1909,7,fic,y
uc2.ark:/13960/t91834w37,7665294,2412917,PZ3.M178Go,"MacGrath, Harold,",Indianapolis;The Bobbs-Merrill Company;c1909,1909,<blank>,monograph,<blank>,Fiction,The goose girl,1909,1909,8,fic,
nyp.33433076026172,8690441,6209999,PZ3.S647P,"Smith, Francis Hopkinson,",New York;C. Scribner's Sons;1908.,1908,<blank>,monograph,American fiction,Fiction,Peter;,1908,1909,9,fic,y
mdp.39015063938792,287741,583082,<blank>,"Locke, William John,",New York;A. L. Burt co.;1909,1909,<blank>,monograph,<blank>,Fiction,Septimus,1909,1909,10,fic,
mdp.39015005913168,281955,364467,<blank>,"Barclay, Florence L.",New York;Grosset & Dunlap;c1910,1910,<blank>,monograph,<blank>,Fiction,The rosary,1910,1910,1,fic,
uc1.b4374271,9510750,254449003,<blank>,"Churchill, Winston,",New York;The Macmillan Co;1904.,1904,<blank>,monograph,<blank>,Not fiction,A modern chronicle,1910,1910,2,fic,
mdp.39015063930195,320655,6913204,<blank>,"King, Basil,",New York;Grosset & Dunlap;c1910,1910,<blank>,monograph,<blank>,Fiction,The wild olive;,1910,1910,3,fic,
uc2.ark:/13960/t6j102c3z,6541611,1837073,PZ3.T428Ma,"Thurston, Katherine Cecil,",New York;London;Harper & Brothers;1910.,1910,<blank>,monograph,<blank>,Fiction,Max,1910,1910,4,fic,y
mdp.39015063938933,280997,9608936,PZ3.L796Si,"Locke, William John,",New York;A. L. Burt co.;c1910].,1910,<blank>,monograph,<blank>,Fiction,Simon the jester,1910,1910,6,fic,
uc1.b3325239,6131562,9744881,<blank>,"Williamson, C. N.",New York;A.L. Burt;c1910.,1910,<blank>,monograph,<blank>,Fiction,Lord Loveland discovers America,1910,1910,7,fic,
uc2.ark:/13960/t2g737p22,7671087,2865248,<blank>,"Rinehart, Mary Roberts,",New York;Review of Reviews;1910.,1910,<blank>,monograph,<blank>,Fiction,The window at the White Cat,1910,1910,8,fic,
mdp.39015042474208,1375117,6688398,PS3501.B222M65,"Abbott, Eleanor Hallowell,",New York;Century;1910.,1910,<blank>,monograph,<blank>,Fiction,Molly make-believe,1910,1910,9,fic,
mdp.39015002717604,1911112,1286030,<blank>,"Rinehart, Mary Roberts,",New York;The Review of reviews co.;c1909,1909,<blank>,monograph,<blank>,biog?;Unknown,When a man marries,1909,1910,10,fic,
mdp.39015011414011,781064,174043,PZ3.F238B 2,"Farnol, Jeffery,","Boston;Little, Brown, and company;1911.",1911,<blank>,monograph,<blank>,Fiction,The broad highway,1911,1911,1,fic,y
mdp.39015063550183,449531,756606,PZ3.H2459Q,"Harrison, Henry Sydnor,",Boston;New York;Houghton Mifflin company;1911.,1911,<blank>,monograph,<blank>,Fiction,Queed,1911,1911,4,fic,y
uc1.b4103059,6155334,288320,PZ3.P8307H,"Stratton-Porter, Gene,","Garden City, N.Y.;Doubleday, Page & company;1911.",1911,<blank>,monograph,<blank>,Fiction,The harvester,1911,1911,5,fic,y
mdp.39015042474208,1375117,6688398,PS3501.B222M65,"Abbott, Eleanor Hallowell,",New York;Century;1910.,1910,<blank>,monograph,<blank>,Fiction,Molly make-believe,1910,1911,8,fic,
mdp.39015005913168,281955,364467,<blank>,"Barclay, Florence L.",New York;Grosset & Dunlap;c1910,1910,<blank>,monograph,<blank>,Fiction,The rosary,1910,1911,9,fic,
uc1.b4103059,6155334,288320,PZ3.P8307H,"Stratton-Porter, Gene,","Garden City, N.Y.;Doubleday, Page & company;1911.",1911,<blank>,monograph,<blank>,Fiction,The harvester,1911,1912,1,fic,
nyp.33433074797394,6602326,291026,PS3545.R45T35 1912,"Wright, Harold Bell,",Chicago;The Book Supply Company;1912,1912,<blank>,monograph,<blank>,Fiction,Their yesterdays,1912,1912,3,fic,
nyp.33433074841747,6533491,1465555,<blank>,"Daviess, Maria Thompson,",Indianapolis;Bobbs-Merrill;c1912,1912,<blank>,monograph,<blank>,Not fiction,The melting of Molly,1912,1912,4,fic,
mdp.39015021275840,242293,291016,PZ3.N524Hoo,"Nicholson, Meredith,",Boston;New York;Houghton Mifflin company;1912.,1912,<blank>,monograph,<blank>,Fiction,A Hoosier chronicle,1912,1912,5,fic,
mdp.39015004283514,1189055,1220257,PZ3.W9324Wi,"Wright, Harold Bell,",Chicago;The Book supply company;1911,1911,<blank>,monograph,<blank>,Not fiction,The winning of Barbara Worth,1911,1912,6,fic,
mdp.39015012334739,326059,10114747,<blank>,"Sedgwick, Anne Douglas,",New York;Grosset & Dunlap;1911,1911,<blank>,monograph,<blank>,Fiction,Tante,1911,1912,9,fic,
uc2.ark:/13960/t9t14vb9r,7657326,11482112,PZ3.E474Fr,"Ellis, J. Breckenridge",Indianapolis;The Bobbs-Merrill company;c1912,1912,<blank>,monograph,<blank>,Fiction,Fran,1912,1912,10,fic,y
