"docid"	"author"	"realname"	"pseudonym"	"gender"	"nationality"	"authordate"	"inferreddate"	"firstpub"	"latestcomp"	"allcopiesofwork"	"copiesin25yrs"	"enumcron"	"imprint"	"genres"	"subjects"	"category"	"shorttitle"
"uc1.b3639376"	"Leighton, Clare"					"1898-1989."	1937		1937	2	2		"New York|The Macmillan Co"	"NotFiction"	"England|Country life"	"nonfic"	"Country matters"
"njp.32101067630259"	"Boyd, Archibald"			"m"	"uk"	"d. 1854."	1850		1850	3	3	"v.1"	"London;R. Bentley;1850."	"Fiction"		"novel"	"The Duchess; or, Woman's love and woman's hate.  A romance"
"uc1.32106011701288"	"Thackeray, William Makepeace"			"m"	"uk"	"1811-1863."	1886	1861	1863	1	1	"v.5"	"New York;G. Routledge;188"	"NotFiction"		"novel"	"The Adventures of Philip; A Shabby Genteel Story."
"uc1.b4951630"	"Doty, Carolyn"			"f"	"us"	"1941-2003."	1982	1982	1982	1	1		"New York|Viking Press|198"	"Fiction"		"novel"	"Fly away home"
"mdp.39015031308128"	"Trickett, Rachel"			"f"	"uk"	"1923-1999."	1970	1970	1970	1	1		"London|Constable|1970."	"Fiction"		"novel"	"A visit to Timon"
"mdp.39015063535556"	"Flynn, Brian"			"m"	"uk"	"1885-1958."	1931	1927	1931	1	1		"New York|Grosset & Dunlap"	"Fiction"		"novel"	"The billiard-room mystery"
"nyp.33433075754576"	"Goodwin, H. B. (Hannah Bradbury)"			"f"	"us"	"1827-1893."	1863		1863	1	1		"Boston;Graves and Young;1"	"Fiction"	"History|Civil War, 1861-1"	"novel"	"Roger Deane's work"
"mdp.39015040368360"					"us"		1998		1998	1	1		"Dallas, Tex.|Southern Met"	"Fiction"	"Texas|Fiction|Short stori"	"shortstories"	"Texas bound. 22 Texas stories"
"uiuo.ark+=13960=t2b85s51b"	"Lewis, M. G. (Matthew Gregory)"		"“Monk” Lewis"	"m"	"uk"	"1775-1818."	1808		1808	2	2	"v.4"	"London;Printed by D.N. Sh"			"novel"	"My uncle's garret-window.--Bill Jones.--Amorassan, or, The spirit of the frozen ocean"
"mdp.39015024877857"	"Heyse, Paul"			"m"	"de"	"1830-1914."	1867		1867	1	1		"Leipzig;B. Tauchnitz; [et"	"UnknownGenre"		"shortstories"	"L'arrabiata and other tales"
"uc1.b3834643"	"Deeping, Warwick"			"m"	"uk"	"1877-1950."	1932	1919	1932	1	1		"New York|Grosset & Dunlap"	"Fiction"		"novel"	"The awakening"
"nyp.33433082302906"	"Foote, Edward B. (Edward Bliss)"			"m"	"us"	"1829-1906."	1874		1874	2	2	"v. 4"	"New York;Murray Hill Pub."	"NotFiction"	"Physiology|Anatomy|Popula"	"juvenile"	"Sammy Tubbs, the boy doctor and ""Sponsie"" the troublesome monkey"
"nyp.33433074952759"	"Thomas, Annie"	"Cudlip, Annie Hall"		"f"	"us"	"1838-1918."	1867	1866	1867	1	1		"New York;Harper and Broth"	"NotFiction"		"novel"	"Played out"
"uc1.b3579101"	"Keenan, Henry F. (Henry Francis)"			"m"	"us"	"1850-1928."	1885	1885	1885	1	1		"New York;Cassell & compan"	"Fiction"		"novel"	"Trajan: the history of a sentimental young man, with some episodes in the comedy of many lives' errors.  A novel"
"uc1.$b251638"	"Stuart-Young, J. M. (John Moray)"			"m"	"uk"	"1881-1939."	1923	1923	1923	1	1		"London|A. H. Stockwell|19"	"NotFiction"	"Fiction"	"shortstories"	"Chits from West Africa : stories and sketches from the tropics"
"mdp.39015041983316"	"Duckworth, Colin"			"m"	"au"	"1926-2013."	1997	1997	1997	1	1		"Melbourne, Victoria, Aust"	"NotFiction"		"novel"	"Digging in dark places : a novel"
"coo.31924014391860"	"Potter, Beatrix"			"f"	"uk"	"1866-1943."	1963	1905	1943	2	1		"New York|F. Warne|1963?"	"Juvenile audience|Fiction"		"juvenile"	"The tale of Mrs. Tiggy-Winkle"
"uiuo.ark+=13960=t86h55c3c"					"uk"		1886		1886	3	3	"v.1"	"London;S. Low, Marston, S"		"823P772"	"novel"	"Pomegranate seed"
"nyp.33433082192877"	"Sophocles"						1851		1851	1	1		"Cambridge [Mass;J. Bartle"	"Fiction"		"reprint"	"The Aias of Sophocles, with critical and explanatory notes"
"mdp.39015035126963"	"Crofts, Freeman Wills"			"m"	"ir"	"1879-1957."	1933	1933	1933	1	1		"New York|Dodd, Mead & com"	"Fiction"		"novel"	"The strange case of Dr. Earle"
"wu.89099755571"	"Hough, Emerson"			"m"	"us"	"1857-1923."	1918	1918	1918	1	1		"New York;London;D. Applet"	"Fiction"		"novel"	"The way out: a story of the Cumberlands to-day"
"hvd.hwkd16"	"Hook, Theodore Edward"			"m"	"uk"	"1788-1841."	1825		1825	1	1	"v.2"	"Philadelphia;H.C. Carey a"	"Fiction"		"novel"	"Passion and principle"
"nyp.33433076074115"	"Weston, Maria D."			"f"	"us"		1848		1848	1	1		"Providence;Weeden & Peek;"	"Fiction"	"American fiction"	"novel"	"The Weldron family; or, Vicissitudes of fortune.  A story of real life in New England"
"uc1.$b56970"	"Loos, Mary"			"f"	"us"	"1910-2004."	1945		1945	1	1		"Garden City, N.Y.|Doubled"	"Fiction"	"Fiction|Forced repatriati"	"novel"	"Return to the vineyard"
"uc1.$b312815"	"Wight, Frederick Stallknecht"			"m"	"us"	"1902-1986."	1936		1936	1	1		"New York|Farrar & Rhineha"	"NotFiction"		"novel"	"The chronicle of Aaron Kane;"
"uiuo.ark+=13960=t4nk41h3r"	"Yates, Edmund Hodgson"			"m"	"uk"	"1831-1894."	1867		1867	3	3	"v.2"	"London;Tinslsey brothers;"			"novel"	"Black sheep"
"nyp.33433076018419"	"Twain, Mark"			"m"	"us"	"1835-1910."	1899	1873	1899	8	6	"v. 11"	"New York;Harper and broth"	"Satire|NotFiction|Bibliog"	"Politics and government|F"	"novel"	"The gilded age"
"nyp.33433074911573"	"Smith, Charlotte Turner"			"f"	"uk"	"1749-1806."	1800	1802	1800	1	1	"v. 4"	"London;Printed by and for"	"Fiction"	"English fiction"	"novel"	"The Hungarian"
"inu.39000005802959"	"Grattan, Thomas Colley"			"m"	"ir"	"1792-1864."	1832		1832	2	2	"v.1"	"London;H. Colburn and R. "	"NotFiction"	"Rhine River Valley|German"	"novel"	"The forfeit hand.  The orphan of Cambray.  The curse of the Black Lady"
"uc1.$b809207"	"Harris, Miriam Coles"			"f"	"us"	"1834-1925."	1871	1871	1871	4	3		"New York;C. Scribner;1871"	"Fiction"		"novel"	"Richard Vandermarck. A novel"
"mdp.39015055109840"	"Vlassie, Katherine"			"f"	"ca"		1987		1987	1	1		"Ontario?], Canada|Cormora"	"Short stories"		"shortstories"	"Children of Byzantium"
"njp.32101065863100"	"Mangin, Edward"			"m"	"uk"	"1772-1852."	1806		1806	2	2	"v. 1"	"London;Carpenter;1806."			"novel"	"Oddities and outlines"
"nyp.33433088072370"	"Jephson, A. J. Mounteney (Arthur Jermy Mounteney)"			"m"	"uk"	"1858-1908."	1893		1893	1	1		"London;S. Low, Marston an"	"NotFiction"	"Description and travel"	"shortstories"	"Stories told in an African forest by grown-up children of Africa"
"mdp.39015012179258"	"Raven, Simon"			"m"	"uk"	"1927-2001."	1986	1986	1986	1	1		"London|Muller, Blond & Wh"	"Fiction"		"novel"	"Before the cock crow : a novel"
"inu.39000002943509"	"Stapledon, Olaf"			"m"	"uk"	"1886-1950."	1946	1946	1946	2	2		"London|Methuen|1946"	"Fiction"	"Future life"	"novel"	"Death into life"
"mdp.39015059771025"	"Richter, Conrad"			"m"	"us"	"1890-1968."	1957	1943	1957	1	1		"New York|Alfred A. Knopf|"	"Fiction"	"Fiction|History"	"novel"	"The free man"
"mdp.39015046835966"							1972		1972	2	2	"v.4"	"London|Routledge & K. Pau"	"Fiction"		"reprint"	"The Golden Lotus; a translation, from the Chinese original, of the novel Chin Pʻing Mei"
"uc1.$b300302"	"Franklyn, Irwin R"			"m"	"us"	"1904-1966."	1929		1929	1	1		"New York|Grosset & Dunlap"	"NotFiction"		"novel"	"Flight : an epic of the air"
"mdp.39015019476004"	"Kolyer, John"			"m"	"us"		1986		1986	1	1		"Newport Beach, Calif.|San"	"Fiction"		"novel"	"Recreations of a corpse"
"uc1.b4439388"	"Garrett, George P"			"m"	"us"	"1929-2008"	1983	1983	1983	2	2		"Garden City, N.Y.|Doubled"	"Fiction"	"Great Britain|Elizabeth|1"	"novel"	"The succession : a novel of Elizabeth and James"
"mdp.39015060804708"	"Palma, Rubén"			"m"	"da"	"1954-"	2004		2004	1	1		"Willimantic, CT|Curbstone"	"Fiction"		"shortstories"	"The trail we leave : short stories"
"mdp.39015063536331"	"French, Allen"			"m"	"us"	"1870-1946."	1902		1902	2	2		"New York;Doubleday, Page "	"Fiction"	"Siege, 1775-1776|Fiction|"	"novel"	"The colonials; being a narrative of events chiefly connected with the siege and evacuation of the town of Boston in New England"
"nc01.ark+=13960=t2x35sr01"	"Baker, Cornelia"			"f"	"us"	"1855-"	1906		1906	3	3		"Indianapolis;The Bobbs-Me"			"novel"	"The court jester"
"uiuo.ark+=13960=t80k2wc85"	"Kett, Henry"			"m"	"uk"	"1761-1825."	1809		1809	2	2	"v.1"	"London;Rivington;1809."			"novel"	"Emily"
"nnc1.1002231824"					"uk"		1813		1813	1	1		"Salford;Printed by Cowdro"	"NotFiction"		"novel"	"The authentic and interesting history of Miss Moreton, and the faithful cottager"
"uc2.ark+=13960=t2891f63t"	"Kingsley, Florence (Morse), Mrs"			"f"	"us"	"1859-1937."	1907		1907	1	1		"New York and London;Harpe"			"novel"	"The princess and the ploughman"
"mdp.39015016868351"	"Saurat, Denis"			"m"	"fr"	"1890-1958."	1946		1946	1	1		"London|Westhouse|1946."	"NotFiction"	"Dreams|Reincarnation"	"nonfic"	"Death and the dreamer / $f: with drawings by Edward Bawden"
"uc2.ark+=13960=t4fn1393k"	"Peacocke, Isabel Maud"			"f"	"nz"		1915		1915	1	1		"Chicago;Rand McNally & Co"			"juvenile"	"My friend Phil"
"mdp.39015059660863"	"Menon, E. P"						1967		1967	1	1		"Bangalore|International S"	"NotFiction"	"Voyages around the world|"	"nonfic"	"Foot-prints on friendly roads;"
"nyp.33433082524152"	"Barbour, Ralph Henry"			"m"	"us"	"1870-1944."	1916		1916	1	1		"New York;Grosset & Dunlap"	"Juvenile audience|NotFict"	"Children's stories, Ameri"	"juvenile"	"Left guard Gilbert"
"uc1.b3822888"	"Yuscarán, Guillermo"			"m"	"us"		1990		1990	1	1		"Tegucigalpa, F.M.|""Nuevo "	"Fiction"		"shortstories"	"Points of light : Honduran short stories"
"uc1.32106008451731"	"Kaminsky, Stuart M"			"m"	"us"	"1934-2009."	1988		1988	1	1		"New York|Scribner's|c1988"	"Fiction"	"Russia (Federation)|Mosco"	"novel"	"A cold red sunrise : an Inspector Porfiry Rostnikov mystery"
"pst.000005340675"	"Archibald, Edith Jessie (Archibald)"			"f"	"ca"	"1854-1938."	1930		1930	1	1		"Londn|Cassell|1930]."	"NotFiction"		"novel"	"The token : a tale of Cape Breton Island in the days before Canada became a nation"
"uiuo.ark+=13960=t6sx6t75n"	"Loudon, Margracia"			"f"	"uk"		1830		1830	4	4	"v.1"	"London;Saunders & Otley;1"			"novel"	"First love"
"uiuo.ark+=13960=t12n5mx4m"	"Kelly, Isabella"			"f"	"uk"	"1759-1857."	1813		1813	4	4	"v.1"	"London;J. Souter, sold by"			"novel"	"Jane de Dunstanville, or, Characters as they are"
"nyp.33433082529359"	"Adams, C. (Charlotte)"			"f"	"us"		1861		1861	1	1		"New York;D. Appleton & Co"	"Juvenile audience|Fiction"	"Children's stories, Engli"	"juvenile"	"Edgar Clifton, or, Right and wrong. A story of school life"
"mdp.39015003676734"	"Frame, Janet"			"f"	"nz"	"1924-2004."	1964	1963	1964	1	1		"New York|G. Braziller|196"	"Fiction"		"novel"	"Scented gardens for the blind, a novel"
"hvd.32044108417551"	"Cumberland, George"					"1754-1848."	1829		1829	1	1		"London;S. Prowett;1829."	"NotFiction"		"nonfic"	"Outlines from the antients, exhibiting their principles of composition in figures and bassorilievos [sic], taken chiefly from inedited monuments of Greek and Roman sculpture"
"uc1.$b605179"	"Simonov, Konstantin Mikhaĭlovich"			"m"	"ru"	"1915-1979."	1940		1940	2	2		"London|New York|Hutchinso"	"Fiction"	"Fiction|Stalingrad, Battl"	"novel"	"Days and nights, a novel"
"nyp.33433082371778"	"Orr, Lucinda (Lee)"						1871		1871	1	1		"Baltimore;J. Murphy and c"	"NotFiction"	"Manners and customs|fast|"	"nonfic"	"Journal of a young lady of Virginia. 1782"
"uc1.b4107900"	"Holcroft, Thomas"			"m"	"uk"	"1745-1809."	1805		1805	4	3	"v.3"	"London;Longman, Hurst, Re"	"Fiction"		"novel"	"Memoirs of Bryan Perdue; a novel"
"uc1.32106015584854"	"Smith, Sarah"			"f"	"us"	"1947-"	1996	1996	1996	1	1		"New York|Ballantine Books"	"Fiction"	"France|Murder|Fiction|Fic"	"novel"	"The knowledge of water"
"uc1.b3435563"	"Anthony, Evelyn"	"Ward-Thomas, Evelyn"		"f"	"uk"	"1928-."	1970	1970	1970	1	1		"New York|Coward-McCann|19"	"Fiction"		"novel"	"The assassin"
"wu.89099752115"	"Henham, Ernest G. (Ernest George)"		"Trevena, John"	"m"	"uk"	"1870-1948."	1909		1909	2	2		"London;A. Rivers, ltd.;19"	"Fiction"		"novel"	"Granite"
"uc1.$b164461"	"Frank, Leonhard"			"m"	"de"	"1882-1961."	1932		1932	1	1		"Mayfair|Grayson & Grayson"	"NotFiction"		"novel"	"The singers : a novel"
"uc1.b4091440"							1935		1935	1	1		"New York|Farrar & Rinehar"	"NotFiction"		"shortstories"	"The President's mystery story"
"uc1.b4084772"	"Seager, Allan"			"m"	"us"	"1906-1968."	1964		1964	2	2		"New York|McGraw-Hill|1964"	"Fiction"		"shortstories"	"A frieze of girls : memoirs as fiction"
"uc1.b4713439"	"Collins, Wilkie"			"m"	"uk"	"1824-1889."	1900	1890	1889	1	1	"v. 28"	"New York|P. F. Collier|19"	"Fiction"		"novel"	"Blind Love"
"uiuo.ark+=13960=t54f2d76n"	"Reid, Mayne"			"m"	"uk"	"1818-1883."	1861	1861	1861	3	3	"v.1"	"London;Richard Bentley;18"			"novel"	"The wild huntress"
"uiuo.ark+=13960=t3hx1x46t"	"Oliphant"	"Oliphant, Margaret"		"f"	"uk"	"1828-1897."	1866		1866	2	2	"v.2"	"Edinburgh;W. Blackwood;18"		"823OL3M1866"	"novel"	"Miss Marjoribanks"
"uc1.32106009578474"	"Bernhard, Thomas"			"m"	"aus"	"1931-1989."	1991	1983	1991	1	1		"New York|Knopf|1991."	"Fiction"	"Fiction|Pianists|Gould, G"	"novel"	"The loser"
"uc1.b287479"	"Opie, Amelia Alderson"			"f"	"uk"	"1769-1853."	1812		1812	3	3	"v. 3"	"London;Longman, Hurst, Re"			"novel"	"Temper"
"hvd.hxjg13"	"abate, Furbo, Francesco"			"m"	"it"	"b. 1711."	1820		1820	1	1		"London;Printed for Sir Ri"	"Fiction"		"reprint"	"Andrew of Padua, the improvisatore : a tale from the Italian of the Abbate Furbo ; and The vindictive father from the Spanish of Leandra of Valladerras"
"uc1.$b244956"	"Stern, G. B. (Gladys Bronwyn)"			"f"	"uk"	"1890-1973."	1927		1927	1	1		"London|Chapman and Hall|1"	"Fiction"		"shortstories"	"Jack a' Manory"
"uiuo.ark+=13960=t9571t58n"	"Grattan, Thomas Colley"			"m"	"ir"	"1792-1864."	1823		1823	1	1	"v.1-2"	"London;G. and W.B. Whitta"			"shortstories"	"High-ways and by-ways;"
"njp.32101066457704"	"Harris, Samuel Smith"			"m"	"us"	"1841-1888."	1868		1868	1	1		"New York;Blelock & Co.;18"	"Fiction"		"novel"	"Sheltern: A novel"
"pst.000027670989"	"Colver, Anne"	"Graff, Polly Anne"		"f"	"us"	"1908-1991."	1965		1965	1	1		"New York|Holt, Rinehart a"	"NotFiction"	"1818-1882|Lincoln, Mary T"	"novel"	"Mr. Lincoln's wife"
"uc2.ark+=13960=t4pk08k78"	"Church, Pharcellus"			"m"	"us"	"1801-1886."	1853		1853	1	1		"Boston;Jenks, Hickling an"			"novel"	"Mapleton, or, More work for the Maine law"
"mdp.39015013763522"	"Druon, Maurice"			"m"	"fr"	"1918-2009."	1959		1959	1	1		"London|Hart-Davis|1959."	"Short stories"		"shortstories"	"The curtain falls : a modern trilogy"
"mdp.39015066894745"	"Pina, Gabrielle"			"f"	"us"		2006		2006	1	1		"New York|One World/Ballan"	"Psychological fiction|Fic"	"Fiction|Multiple personal"	"novel"	"Chasing Sophea : a novel"
"uiuo.ark+=13960=t0gt62d3b"	"Hardy, Iza Duffus"			"f"	"uk"	"1850-1922."	1877	1876	1877	3	3	"v.2"	"London;Hurst;1877."			"novel"	"Glencairn"
"nyp.33433071373652"	"Mme., Du Hausset"					"approximately 1720-"	1827		1827	1	1		"New York;Elam Bliss;1827."	"Biography|NotFiction"	"marquise de|Pompadour, Je"	"nonfic"	"The private memoirs of Madame Du Hausset, lady's maid to Madame de Pompadour"
"hvd.32044058243072"	"Countess of, Blessington, Marguerite"	"Blessington, Marguerite, Countess"		"f"	"ir"	"1789-1849."	1834		1834	2	2	"v.1"	"London;R. Bently;1834."	"Fiction"	"History|Fiction|1800-1848"	"novel"	"Grace Cassidy; or, The repealers. A novel"
"uc2.ark+=13960=t4zg6j18m"	"Tompkins, Juliet Wilbor"			"f"	"us"	"1871-1956."	1913		1913	2	2		"Garden City, N.Y.;Doubled"			"novel"	"Ever after"
"nyp.33433082547013"	"Optic, Oliver"	"Adams, William Taylor"		"m"	"us"	"1822-1897."	1864		1864	1	1		"Boston;Lee and Shepard .."	"Juvenile audience|Fiction"		"juvenile"	"Dolly and I : a story for little folks"
"uva.x030758866"	"Ludlow, James M. (James Meeker)"			"m"	"us"	"1841-1932."	1905		1905	2	2		"New York, Chicago, etc.;F"	"Fiction"	"Later, 13th, 14th, and 15"	"novel"	"Sir Raoul [by] James M. Ludlow; a tale of the theft of an empire"
"njp.32101007065988"	"Brunton, Mary"			"f"	"uk"	"1778-1818."	1814		1814	5	4	"vol.2"	"Edinburgh;Printed by G. R"	"Fiction|NotFiction"	"Brunton, Mary|1778-1818"	"novel"	"Discipline; a novel"
"uc1.$b250"	"Hutchinson, Alfred"			"m"	"sa"	"1924-1972."	1960		1960	3	3		"New York|John Day Co.|196"	"NotFiction"	"Indigenous peoples|Africa"	"nonfic"	"Road to Ghana"
"inu.30000105822773"	"Qian, Gang"					"1953-"	1989		1989	1	1		"Beijing|Foreign Languages"	"NotFiction"	"Earthquakes|Tangshan (Heb"	"nonfic"	"The great China earthquake"
"njp.32101064382763"	"Thomas, W. Moy (William Moy)"			"m"	"uk"	"1828-1910."	1859		1859	2	2	"vol.1"	"London;S. Low, Son;1859."	"Fiction"		"shortstories"	"When the snow falls / by W. Moy Thomas"
"uc1.b3739863"							1983		1981	1	1		"Cape Town|Oxford Universi"	"Fiction"	"Short stories, South Afri"	"shortstories"	"Between the thunder and the sun : an anthology of short stories"
"mdp.39015062654598"							1922		1922	1	1		"Chicago [Ill.;A. Flanagan"	"Fiction"	"Silhouettes|In art|Crusoe"	"juvenile"	"Robinson Crusoe silhouettes : the complete story of Robinson Crusoe in silhouettes"
"hvd.32044086801974"							1831		1831	1	1	1	"New York;Harper;1831."	"NotFiction"		"shortstories"	"The club-book"
"uc1.32106008957109"	"Smeaton, William Henry Oliphant"			"m"	"uk"	"1856-1914."	1899		1899	1	1		"London;Blackie & Son, Ltd"	"Fiction"		"novel"	"A mystery of the Pacific"
"pst.000005343812"	"Herbert, Alice"			"f"			1928		1928	1	1		"New York|D. Appleton and "	"NotFiction"		"novel"	"A pen and ink passion"
"uiuo.ark+=13960=t5q81xt36"	"Robertson, Anne J"			"f"	"uk"		1869		1869	3	3	"v.2"	"London;T. Cautley Newby;1"		"823R5453S"	"novel"	"Society in a garrison town"
"uiuo.ark+=13960=t0xp7gv54"				"f"	"uk"		1810		1810	1	1	"v.2"	"London;Printed for the au"			"novel"	"The adulteress ; or, anecdotes of two noble families"
"uc2.ark+=13960=t3nv9cb9x"	"Dabney, Virginius"			"m"	"us"	"1835-1894."	1889		1889	2	2		"Philadelphia;J. B. Lippin"			"shortstories"	"Gold that did not glitter"
"uiuo.ark+=13960=t49p3f891"	"Grant, Alexander Charles"						1881		1881	2	2	"v.1"	"Edinburg;William Blackwoo"		"823G766B"	"nonfic"	"Bush-life in Queensland"
"mdp.39015012866847"				"f"			1985		1985	1	1		"Knoxville|University of T"	"Bibliographies|Fiction"	"Translations from Polish|"	"shortstories"	"Russian and Polish women's fiction"
"mdp.39015030850492"	"Bray, Jenny"						1969		1969	1	1		"Lawas, Sarawak, Malaysia|"	"Fiction"	"Kayan (Bornean people)|Fi"	"novel"	"Longhouse of fear"
"uc1.b3331910"							1858		1858	1	1		"New York;Dick & Fitzgeral"	"Juvenile audience|Fiction"		"juvenile"	"The book of one thousand tales and amusing adventures : a work for youth"
"uc2.ark+=13960=t1vd6qf4p"	"Clark, Charles Heber"			"m"	"us"	"1841-1915."	1879		1879	1	1		"Philadelphia;P. Garrett;1"			"shortstories"	"Out of the hurly-burly"
"uc1.32106008857663"	"Waldrop, Keith"			"m"	"us"	"b. 1932."	1989		1989	1	1		"Barrytown, NY|Station Hil"	"Fiction"		"novel"	"Hegel's family : serious variations"
"nyp.33433075756100"	"Sealsfield, Charles"					"1793-1864."	1852		1852	2	2		"Edinburgh and;London;W. B"	"NotFiction"	"Southwest, Old|Frontier a"	"nonfic"	"Scenes and adventures in central America"
"nyp.33433076078595"							1833		1833	1	1		"Boston;1833."	"NotFiction"	"English literature"	"nonfic"	"The Olio:"
"uc1.b4105552"	"Trollope, Anthony"			"m"	"uk"	"1815-1882."	1867	1863	1867	4	3		"London;Chapman & Hall;186"	"Yellowbacks|Fiction|NotFi"		"shortstories"	"Tales of all countries"
"mdp.39015037698258"	"Mantel, Hilary"			"f"	"uk"	"1952-"	1995	1995	1995	1	1		"London|Viking|New York|Pe"	"Fiction"		"novel"	"An experiment in love"
"mdp.39015073446323"					"us"		1933		1933	2	2		"New York|C. Scribner's|19"	"NotFiction"	"Short stories, American"	"shortstories"	"Life in the United States; a collection of narratives of contemporary life from first-hand experience or observation"
"uiuo.ark+=13960=t8w95tz11"	"Walker, George"			"m"	"uk"	"1772-1847."	1803		1803	3	3	"v.2"	"London;Printed for G. Wal"		"823W15D"	"novel"	"Don Raphael"
"uc1.32106017921492"	"Elgar, Sedan"						1998		1998	1	1		"Seattle|Brob House Books|"	"Fiction"	"Fantasy fiction, American"	"novel"	"Larkinstreet's luck : tales of the American faerie : a novel in ten chapters with epilogue and three interlocutory tales"
"mdp.39015016450259"	"Brunner, John"			"m"	"uk"	"1934-1995."	1969		1969	2	2		"New York|Ace Pub. Corp.|c"	"Fiction"		"novel"	"Times without number"
"mdp.39015047616456"	"Shute, Nevil"			"m"	"uk"	"1899-1960."	1944	1944	1944	3	3		"New York|W. Morrow and Co"	"Fiction"	"Fiction|World War, 1939-1"	"novel"	"Pastoral"
"mdp.39076002869084"	"Michaelian, William"			"m"	"us"		2000		2000	1	1		"Russell, N.Y.|MuscleHead "	"Fiction"		"shortstories"	"Among the living : and other stories"
"hvd.hw28p0"	"Irving, Washington"			"m"	"us"	"1783-1859."	1880		1859	1	1	"v.7"	"New York|G. P. Putnam's s"	"NotFiction"		"novel"	"Irving's works"
"uc2.ark+=13960=t4nk3899g"	"Balzac, Honoré de"			"m"	"fr"	"1799-1850."	1898	1840	1898	1	1		"Philadelphia;George Barri"			"novel"	"Z. Marcas ; The other side of contemporaneous history"
"uc2.ark+=13960=t1rf5n23g"	"Outhwaite, Robert Leonard"			"m"	"uk"	"1869-"	1901		1901	2	2		"New York;Cassell;c1901."			"novel"	"The wisdom of Esau"
"mdp.39015063961679"	"Stevenson, Robert Louis"			"m"	"uk"	"1850-1894."	1900	1886	1894	1	1		"New York|Cosmopolitan Mag"	"Fiction"	"Description and travel"	"novel"	"Kidnapped ... Travels with a donkey in the Cevennes"
"uc1.$b243771"	"Isvaran, Manjeri S"			"m"	"in"		1947		1947	1	1		"Madras|Shakti Karyalayam|"	"Fiction"		"shortstories"	"Fancy tales"
"mdp.39015011404749"	"Farjeon, Joseph Jefferson"			"m"	"uk"	"1883-1955."	1926		1926	1	1		"New York|L. MacVeagh, The"	"Fiction"		"novel"	"No. 17; [a novel, based upon the play]"
"pst.000007302602"	"Busson, Paul"			"m"	"aus"	"1873-1924."	1927		1924	1	1		"London|W. Heinemann, ltd."	"NotFiction|Fantasy fiction"		"novel"	"The man who was born again : a romance"
"uva.x030808693"	"Brittan, Harriette G"			"f"	"uk"	"1823-1897."	1873		1873	1	1		"New York;T. Whittaker;c18"	"NotFiction"	"Zenana missions"	"nonfic"	"Shoshie, the Hindoo Zenana teacher"
"coo.31924002382871"	"Jones, Lewis"			"m"	"uk"	"1897-1939."	1939		1939	1	1		"London|Lawrence & Wishart"	"NotFiction"	"Coal miners|Wales|Coal mi"	"novel"	"We live; the story of a Welsh mining valley"
"uiuo.ark+=13960=t71v65g7n"	"Reeve, Clara"	"unknown"		"f"	"uk"	"1729-1807."	1811	1811	1807	4	4	"v.3"	"London;Printed by J. Dean"			"novel"	"Fatherless Fanny; or, The memoirs of a little mendicant and her benefactors"
"mdp.39076006766518"	"Waugh, Evelyn"			"m"	"uk"	"1903-1966."	1958	1948	1958	1	1		"London|Chapman & Hall|195"	"Fiction"		"novel"	"The loved one : an Anglo-American tragedy"
"nnc1.cu56443846"	"Moore, George Washington"			"m"	"uk"	"b. 1828."	1870		1870	1	1		"London;C.H. Clarke;1870"	"NotFiction"	"Minstrel shows"	"nonfic"	"Bones: his anecdotes and goaks"
"nyp.33433076078231"	"Whitelaw, Alexander"						1835		1835	4	4	"v. 1"	"Glasgow;Blackie & Son [et"	"NotFiction"	"Literature|Collections"	"poetry"	"The republic of letters, a selection, in poetry and prose, from the works of the most eminent writers, with many original pieces"
"mdp.39015000631708"	"Waugh, Evelyn"			"m"	"uk"	"1903-1966."	1957		1957	2	2		"London|Chapman & Hall|195"	"UnknownGenre|NotFiction"		"novel"	"The ordeal of Gilbert Pinfold; a conversation piece"
"uc2.ark+=13960=t6n011r00"	"Lee, Albert"			"m"		"1852-1935."	1918		1918	1	1		"New York;F.H. Revell;c191"			"novel"	"At his country's call"
"uc1.b4463192"	"Kuhns, William"			"m"			1973		1973	1	1		"New York|W. Morrow|1973."	"Fiction"		"novel"	"The reunion; a novel"
"osu.32435058055286"	"Russell, Philip"			"m"	"us"	"1951-"	1998		1998	2	2		"Kansas City, MO|BkMk Pres"	"Fiction"		"novel"	"Body and blood : a novel of linked stories"
"uiuo.ark+=13960=t02z1mj6z"	"Grant, Maria M"			"f"	"uk"		1874		1874	3	3	"v.1"	"London;Chapman and Hall;1"		"823G7674L"	"novel"	"Lescar, the universalist"
"mdp.39015067153810"	"James, Henry"			"m"	"us"	"1843-1916."	1908	1886	1908	1	1	"v.5"	"London;Macmillan and co.,"	"UnknownGenre"		"novel"	"The Princess Casamassima"
"njp.32101063971665"	"D'Annunzio, Gabriele"			"m"	"it"	"1863-1938."	1901		1901	8	8		"New York;R. H. Russell;19"	"UnknownGenre|NotFiction"		"drama"	"Gioconda"
"njp.32101067630903"	"Brougham and Vaux, Henry Brougham"			"m"	"uk"	"1778-1868."	1819		1819	4	4	"v.3"	"London;Ogle, Duncan, and "	"Fiction"		"novel"	"Forman. A tale"
"mdp.39015049639100"	"Sharma, Yojana"			"f"	" "		1999		1999	1	1		"London|Doubleday|1999."	"Fiction"	"India|Fiction|Property|Ca"	"novel"	"The buffalo thief"
"njp.32101065712935"	"Jones, Hannah Maria"			"f"	"uk"	"d. 1854."	1824		1824	1	1		"London;J. Jacques & W. Wr"	"NotFiction"		"novel"	"The forged note; or, Julian and Marianne. A moral tale, founded on recent facts"
"uc1.b4365455"	"Sommer, Scott"			"m"	"us"		1982		1982	2	2		"New York|Random House|c19"	"Fiction"		"novel"	"Last resort : a novel"
"njp.32101067178937"	"Trollope, Anthony"			"m"	"uk"	"1815-1882."	1860		1860	1	1		"New York;Harper;1860."	"Fiction"		"novel"	"Castle Richmond : a novel"
"njp.32101007891326"	"Taylor, Jane"			"f"	"uk"	"1783-1824."	1815		1815	1	1		"London;Printed for Taylor"	"Juvenile audience|Fiction"	"Pride and vanity|Juvenile"	"juvenile"	"Display : a tale"
"uc1.32106014494055"	"Tetu, Randeane, 1949-"						1991		1991	1	1		"Watsonville, Calif.|Papie"	"Fiction"	"Fiction|Imprints"	"shortstories"	"Merle's & Marilyn's mink ranch and other fiction"
"uc1.$b56602"	"Gelfan, Lewis David"			"m"	"us"		1950		1950	1	1		"Boston|Little, Brown|1950"	"NotFiction"		"novel"	"The embroidered city"
"uiuo.ark+=13960=t8tb1rt9g"	"Price, Eleanor C"			"f"	"uk"	"1847-1933."	1885		1885	3	3	"v.3"	"London;Chatto & Windus;18"			"novel"	"Gerald"
"njp.32101067626703"	"Jr., Alger, Horatio"			"m"	"us"	"1832-1899."	1909		1899	1	1		"New York;New York Book Co"	"Fiction"		"juvenile"	"Joe's luck, or, always wide awake"
"uiuo.ark+=13960=t71v63h97"	"Pardoe, Julia"			"f"	"uk"	"1806-1862."	1839		1839	3	3	"v.3"	"London;H. Colburn;1839."			"novel"	"The romance of the harem"
"uc2.ark+=13960=t1gh9cw5m"	"Phillips, Waldorf Henry"			"m"	"us"	"d. 1915."	1874		1874	2	2		"Philadelphia;Claxton, Rem"			"novel"	"The world to blame"
"mdp.39015068802589"	"Faqir, Fadia"			"f"	"uk"	"1956-"	2007		2007	1	1		"London|Doubleday|2007."	"Novel"	"Honor killings|England|Fi"	"novel"	"My name is Salma"
"uc1.$b87216"	"Dark, Eleanor"			"f"	"au"	"1901-"	1941		1941	2	2		"New York|The Macmillan Co"	"Fiction|NotFiction"	"Fiction|Phillip, Arthur|F"	"novel"	"The timeless land"
"nyp.33433069252397"	"Green, Nelson Winch"			"m"	"us"		1859		1859	1	1		"New York;H. Dayton;Indian"	"NotFiction"	"Mormon Church|Smith, Mary"	"nonfic"	"Fifteen years among the Mormons: being the narrative of Mrs. Mary Ettie V. Smith, late of Great Salt Lake City: a sister of one of the Mormon high priests"
"nyp.33433076074990"	"Williams, Anna Vernon Dorsey"			"f"			1890		1890	1	1		"New York;J.W. Lovell Comp"	"Fiction"		"novel"	"Betty; a last century love story"
"uiuo.ark+=13960=t2b85hw0z"	"Ashe, Thomas"			"m"	"ir"	"1770-1835."	1811		1811	7	7	"v.2"	"London;Printed and publis"	"Fiction"	"Queen, consort of George "	"novel"	"The spirit of ""The book;"" or, Memoirs of Caroline Princess of Hasburgh"
"inu.30000100497357"	"Pope, Dudley"			"m"	"uk"	"1925-1997."	2002	1986	1986	1	1		"Ithaca, N.Y.|McBooks Pres"	"Sea stories|War stories|F"	"Trafalgar, Battle of, 180"	"novel"	"Ramage at Trafalgar"
"nnc1.1002249626"	"Warman, Cy"			"m"	"us"	"1855-1914."	1897		1897	2	2		"New York;C. Scribner's so"	"Fiction"	"American fiction"	"shortstories"	"The express messenger, and other tales of the rail"
"uc1.b3546952"	"Butler, Samuel"			"m"	"uk"	"1835-1902."	1923		1902	1	1	"v. 13"	"London|J. Cape|New York|E"	"NotFiction"		"novel"	"The Shrewsbury edition of the works of Samuel Butler"
"uc1.$b783908"	"Lysaght, Sidney Royse"			"m"	"uk"	"d. 1941."	1925		1925	1	1		"New York|The Macmillan co"	"NotFiction"		"novel"	"My tower in Desmond"
"nyp.33433074815105"	"Brown, Bob"			"m"	"us"	"1886-1959."	1913		1913	1	1		"New York;E.J. Clode;c1913"	"Fiction"		"novel"	"What happened to Mary : a novelization from the play and the stories appearing in the Ladies' world"
"mdp.39015045679860"	"Rawet, Samuel"			"m"	"br"	"1929-1984."	1998	1984	1998	1	1		"Albuquerque|University of"	"Fiction"	"Rawet, Samuel|Translation"	"shortstories"	"The prophet & other stories"
"mdp.39015024894282"	"Dhaḷa, Rameśa Candra"						1989		1989	1	1		"Calcutta, India|Writers W"	"Fiction"		"shortstories"	"Two kilos of rice & other stories"
"uiuo.ark+=13960=t9f47xn9c"	"Banks, G. Linnaeus (George Linnaeus), Mrs"	"Banks, Isabella"		"f"	"uk"	"1821-1897."	1884		1884	3	3	"v.1"	"London;F.V. White;1884."			"shortstories"	"Sybilla and other stories"
"mdp.39015029232769"	"Cleary, Jon"			"m"	"au"	"1917-2010."	1992		1991	2	2		"London|HarperCollins|1992"	"Fiction|Detective and mys"	"Fiction|Malone, Scobie (F"	"novel"	"Dark summer"
"mdp.39015016446083"	"Childs, Marquis W. (Marquis William)"			"m"	"us"	"1903-1990."	1967		1967	2	2		"New York|Harper & Row|196"	"Fiction"		"novel"	"Taint of innocence"
"mdp.39015063992641"	"Misses. Cuthbertson"			"f"	"uk"		1822		1822	4	4	"v.2"	"London;Printed for Baldwi"	"Fiction"		"novel"	"Romance of the Pyrenees"
"uc2.ark+=13960=t2794284g"	"Nicholas, Anna"			"f"	"us"		1913		1913	2	2		"Indianapolis;The Bobbs-Me"			"novel"	"The making of Thomas Barton"
"uc2.ark+=13960=t3hx16445"	"Stephens, Robert Neilson"			"m"	"us"	"1867-1906."	1899		1899	3	3		"Boston;L.C. Page and Comp"		"Great Britain|Fiction|His"	"novel"	"A gentleman player;"
"nyp.33433082173323"	"Arthur, T. S. (Timothy Shay)"			"m"	"us"	"1809-1885."	1851		1851	4	4		"Philadelphia;Lippincott, "	"Fiction|NotFiction"	"American fiction"	"shortstories"	"Words for the wise"
"njp.32101067707255"	"Blackmore, R. D. (Richard Dooddridge)"			"m"	"uk"	"1825-1900."	1875		1875	1	1	"vol.1-2"	"Leipzig;Bernhard Tauchnit"	"NotFiction"		"novel"	"Alice Lorraine : a tale of the South Downs"
"uc2.ark+=13960=t9t14xh4d"	"Castle, Agnes"			"f"	"ir"	"d. 1922."	1905		1905	2	2		"New York;F. A. Stokes com"			"novel"	"The heart of Lady Anne"
"inu.30000020693762"	"Howitt, William"			"m"	"uk"	"1792-1879."	1848		1848	3	3	"v.2"	"London;H. Colburn;1848."	"NotFiction"	"England|Country life"	"shortstories"	"The hall and the hamlet, or, Scenes and characters of country life"
"hvd.hw28p3"	"Irving, Washington"			"m"	"us"	"1783-1859."	1880		1859	1	1	"v.17"	"New York|G. P. Putnam's s"	"NotFiction"		"novel"	"Irving's works"
"mdp.39015063522307"	"King, Rufus"			"m"	"us"	"1893-1966."	1945		1945	1	1		"Garden City, New York|Pub"	"Fiction"		"novel"	"The deadly dove"
"nyp.33433074902408"	"Molloy, J. Fitzgerald (Joseph Fitzgerald)"			"m"	"ir"	"1858-1908."	1887		1887	3	3	"v. 3"	"London;Ward & Downey;1887"	"Fiction"	"Irish fiction"	"novel"	"A modern magician. A romance"
"uc1.32106008763432"	"Edgeworth, Maria"			"f"	"ir"	"1767-1849."	1832	1814	1832	1	1	"v.15"	"London;Baldwin and Cradoc"	"NotFiction"		"novel"	"Patronage"
"mdp.39015031693701"	"Williams-Ellis, Clough, Sir"					"1883-"	1946		1946	2	2		"London|The Architectural "	"Bibliographies|NotFiction"	"Architecture"	"nonfic"	"The adventure of building : being something about architecture and planning for intelligent young citizens and their backward elders"
"mdp.39015066897003"	"Reynolds, Alastair"			"m"	"uk"	"1966-"	2006		2006	1	1		"London|Gollancz|2006."	"Fiction"	"Technology and civilizati"	"shortstories"	"Galactic North"
"njp.32101068163946"							1802		1802	1	1		"Cork;Connor;1802."	"Fiction"		"novel"	"The monk of the grotto; or, Eugenio and Virginia; a tale"
"njp.32101074760438"	"Chambers, Robert W. (Robert William)"					"1865-1933."	1902		1902	1	1		"New York;and London;Harpe"	"Juvenile audience|Fiction"	"Arts and Crafts"	"juvenile"	"Outdoorland, a story for children"
"uc2.ark+=13960=t7wm18884"	"Bourdillon, Francis William"			"m"	"uk"	"1852-1921."	1921		1921	1	1		"London;A. Moring;1921."			"novel"	"Gerard & Isabel"
"wu.89006966048"	"Spencer, Thomas E. (Thomas Edward)"			"m"	"au"	"1845-1910."	1906		1906	1	1		"Sydney;N.S.W. Bookstall C"	"Fiction"		"shortstories"	"The surprising adventures of Mrs. Bridget McSweeney"
"yale.39002005021796"							1823		1823	2	2		"London;J. Murray;1823."	"NotFiction"	"Revolution, 1789-1799|His"	"nonfic"	"Royal memoirs on the French revolution: Containing, I. A narrative of the journey of Louis XVI. and his family to Varennes, by Madame Royale, duchess of Angoulême. II. A narrative of a journey to Bruxelles and Coblentz in 1791, by Monsieur, now Louis XVIII. III. Private memoirs of what passed in the Temple, from the imprisonment of the royal family to the death of the Dauphin, by Madame Royale, duchess of Angoulême"
"osu.32435052543055"	"Barretto, Larry"			"m"	"us"	"1890-1971."	1933		1933	1	1		"New York|Caxton House|193"	"NotFiction"		"novel"	"Three roads from paradise"
"uc1.$b312643"	"Thayer, Tiffany"			"m"	"us"	"1902-1959."	1931		1931	1	1		"New York|A. & C. Boni|193"	"Fiction"		"novel"	"The Greek"
"mdp.39015012339498"	"Stephens, John L"					"1805-1852."	1839		1839	1	1		"Edinburgh;W. and R. Chamb"	"UnknownGenre"	"Description and travel"	"nonfic"	"Incidents of travel in Greece, Turkey, Russia and Poland"
"uiuo.ark+=13960=t4wh36k87"							1857		1857	1	1	"v.3"	"London;Hurst and Blackett"			"novel"	"The second wife"
"inu.32000000323073"	"Earl of Beaconsfield, Disraeli, Benjamin"			"m"	"uk"	"1804-1881."	1849	1844	1849	3	1	"v.8"	"New York;Alfred A. Knopf;"	"Fiction|NotFiction"		"novel"	"Coningsby : or the new generation"
"mdp.39015037351007"	"Boyle, Alistair"			"m"	"us"	"b. 1952."	1995		1995	1	1		"Santa Barbara|Allen A. Kn"	"Fiction|Detective and mys"	"Private investigators|Fic"	"novel"	"The missing link : a Gil Yates private investigator novel"
"mdp.39015027228280"	"Southall, Ivan Francis"			"m"	"au"	"1921-"	1963	1962	1962	1	1		"New York|St. Martin's Pre"	"Fiction"		"juvenile"	"Hills End"
"pst.000050615414"	"Itule, Bruce D"			"m"	"us"	"1947-"	2003		2003	1	1		"Mesa, AZ|Thunder Mountain"	"Fiction"	"Fiction|Mission San Xavie"	"novel"	"The gold of San Xavier"
"uc1.b4446963"	"Nasnaga"					"1941-"	1975		1975	1	1		"New York|Harper & Row|197"	"Fiction"		"novel"	"Indians' summer : a novel"
"inu.30000085374894"	"Frederick, Michael"			"m"			1999		1999	1	1		"Tempe, AZ|M. Frederick|c1"	"Fiction"		"novel"	"The paper man : a novel"
"uva.x004385162"	"Griffith, Susan M"			"f"		"b. 1851."	1899		1899	1	1		"Richmond;Presbyterian Com"	"NotFiction"		"novel"	"The ladder of promise"
"mdp.39015050694564"	"Maugham, W. Somerset, (William Somerset)"			"m"	"uk"	"1874-1965."	1925		1925	7	4		"Harmondsworth, Middlesex,"	"Fiction|NotFiction"		"novel"	"The painted veil"
"uiuo.ark+=13960=t4bp0pp3k"	"Reeve, Sophia"			"f"	"uk"		1807		1807	3	3	"v.2"	"London;Printed for the Au"			"novel"	"The mysterious wanderer"
"nyp.33433011493966"	"Ogle, Nathaniel"						1825		1825	2	2		"London;Printed for G. Whi"	"NotFiction"	"Monkeys|Anecdotes"	"nonfic"	"Memoirs of monkeys, &c. &c"
"uc1.b3326031"	"Skene, Felicia"		"Moir, Erskine"	"f"	"uk"	"1821-1899."	1849		1849	1	1		"London;Francis & John Riv"	"Fiction"		"novel"	"Use and abuse : a tale"
"uc2.ark+=13960=t08w38973"	"Rush, Caroline E"			"f"	"us"		1850		1850	2	2		"Philadelphia;Crissy & Mar"			"novel"	"Way-marks in the life of a wanderer"
"uc1.b278741"	"Genlis, Stéphanie Félicité"			"f"	"fr"	"1746-1830."	1819		1819	4	4	"v.4"	"London;H. Colburn;1819."			"novel"	"The new aera; or, Adventures of Julien Delmour: related by himself"
"mdp.39015048416450"	"Neville, Kris"			"m"	"us"	"1925-1980."	1984		1980	1	1		"Carbondale|Southern Illin"	"Bibliographies|Fiction"	"Science fiction, American"	"shortstories"	"The science fiction of Kris Neville"
"nyp.33433074843347"	"Cochran, M. A"						1896		1896	1	1		"Cincinnati;Robert Clarke "	"Fiction"	"Fiction"	"novel"	"Posie; or, From reveille to retreat. An army story"
"uc1.$b136780"	"Skouen, Arne"			"m"	"no"	"1913-"	1948		1948	2	2		"New York|A. A. Knopf|1948"	"NotFiction"		"novel"	"Stokers' mess;"
"wu.89098987142"	"Sullivan, Alan"			"m"	"ca"	"1868-1947."	1944		1944	1	1		"Toronto|The Ryerson Press"	"Fiction|Biography"	"1st cent|Fiction|Pilate, "	"novel"	"""And from that day."""
"mdp.39015034243983"	"Rivera, Beatriz"			"f"		"1957-"	1995		1995	1	1		"Houston, Tex.|Arte Públic"	"Fiction"		"shortstories"	"African passions and other stories"
"uiuo.ark+=13960=t3dz0kv1q"							1815		1815	1	1	"v.3"	"London;Black, Parry, and "			"novel"	"The curse of Ulrica; or The white cross knights of Riddarholmen"
"uiuo.ark+=13960=t8df78w8p"	"Maughan, Janet"			"f"	"uk"		1866		1866	3	3	"v.3"	"London;Tinsley;1866."			"novel"	"The man of mark"
"mdp.39015030073806"	"Andersen Nexø, Martin"			"m"	"da"	"1869-1954."	1933		1933	2	2		"New York|P. Smith|1933."	"UnknownGenre"		"novel"	"In God's land"
"mdp.39015028364696"	"Flores, Angel"					"1900-1994"	1942		1942	2	2		"Boston|Houghton Mifflin c"	"NotFiction"	"English fiction|Spanish A"	"shortstories"	"Fiesta in November; stories from Latin America, selected and edited by Angel Flores and Dudley Poore, with an introduction by Katherine Anne Porter"
"uc1.b3326165"	"Moreland, Olivia"			"f"			1819		1819	3	3	"v. 2"	"London;Printed at the Min"	"Fiction"		"novel"	"The charms of dandyism, or, Living in style"
"nyp.33433069336737"	"Nicholson, Asenath"					"1792-1855"	1847		1847	2	2		"New York;Baker and Scribn"	"NotFiction"	"Poor|Ireland|Description "	"nonfic"	"Ireland's welcome to the stranger; or An excursion through Ireland, in 1844 & 1845, for the purpose of personally investigating the condition of the poor"
"nyp.33433082524962"	"Leslie, Madeline"			"f"	"us"	"1815-1893."	1880		1880	1	1		"Chicago, Ill.;H.A. Sumner"	"Juvenile audience|Fiction"		"juvenile"	"Bertie and the carpenters, or, The way to be happy"
"nyp.33433082529953"	"Emerson, Alice B"	"corporation"		"u"	"us"		1917		1917	1	1		"New York;Cupples & Leon C"	"Juvenile audience|Fiction"		"juvenile"	"Ruth Fielding at college : or, The missing examination papers"
"uc2.ark+=13960=t4th8d47p"	"Longfellow, Henry Wadsworth"			"m"	"us"	"1807-1882."	1886	1833	1882	1	1	"v.08"	"New York;Houghton Mifflin"			"novel"	"Hyperion: A Romance"
"nyp.33433081996336"	"Scott, Walter, Sir"			"m"	"uk"	"1771-1832."	1846	1820	1832	1	1	"v. 17"	"Edinburgh;R. Cadell;1846."	"Fiction"		"novel"	"Ivanhoe"
"nyp.33433075762306"	"Wood, Ellen"			"f"	"uk"	"1814-1887."	1881		1881	1	1		"Leipzig;B. Tauchnitz;1881"	"Fiction"	"English fiction"	"shortstories"	"Anne, and other tales"
"uc2.ark+=13960=t6xw4dp26"	"James, G. P. R. (George Payne Rainsford)"			"m"	"uk"	"1801?-1860."	1844	1838	1844	1	1	"v.08"	"London;Smith, Elder and C"			"novel"	"The Robber"
"uc2.ark+=13960=fk1cj87m5q"	"Bacheller, Irving Addison"			"m"	"us"	"1859-1950."	1911	1910	1911	5	5		"New York;Harper & Brother"			"novel"	"Keeping up with Lizzie"
"nyp.33433074929849"	"Francis, M. E"	"Blundell, Mary Elizabeth"		"f"	"ir"	"1859-1930"	1894	1894	1894	1	1		"Boston;Houghton, Mifflin "	"NotFiction"		"novel"	"The story of Dan"
"osu.32435058030768"	"Owen, Frank"			"m"	"us"	"b. 1893."	1946		1946	1	1		"New York|Grosset & Dunlap"	"NotFiction"	"Children's stories"	"juvenile"	"Teen-age companion"
"njp.32101071988149"	"Morris, Charles"					"1833-1922."	1893		1893	2	2	"v.1"	"Philadelphia;J. B. Lippin"	"NotFiction"	"English drama|Stories, pl"	"drama"	"Every man in his humor, by B. Jonson.  Philaster, or Love lies bleeding, by Beaumont and Fletcher.  A new way to pay old debts, by P. Massinger.  Venice preserved, by T. Otway.  The busybody, by S. Centlivre.  The beaux stratagem, by G. Farquhar.  The belle's stratagem, by H. Cowley"
"wu.89097995674"	"Johnson, Helen Kendrick"			"f"	"us"	"1844-1917."	1874		1874	1	1		"New York;Putnam;1874."	"Fiction"		"novel"	"Roddy's romance"
"mdp.39015065449871"	"Peel, Doris"			"f"		"1909-"	1953		1953	1	1		"Boston|Houghton Mifflin|1"	"NotFiction"	"United States|1945-1990|G"	"nonfic"	"The inward journey"
"uc1.$b298798"	"Goldsmith, Martin M"			"m"	"us"	"1913-1994."	1939	1939	1939	1	1		"New York|Macaulay|c1939."	"Fiction"		"novel"	"Detour : an extraordinary tale"
"wu.89098014749"	"Champney, Elizabeth W. (Elizabeth Williams)"			"f"	"us"	"1850-1922."	1887		1887	1	1		"Boston;Estes and Lauriat;"	"Juvenile audience|Fiction"	"Indians of North America|"	"juvenile"	"Great-grandmother's girls in New France : The history of little Eunice Williams"
"uva.x004391567"	"Pounds, Jessie Hunter Brown"			"f"	"us"	"1861-1921."	1890		1890	1	1		"Cincinnati;Standard;1894"	"NotFiction"		"novel"	"The ironclad pledge, story of Christian Endeavor"
"uc2.ark+=13960=t8kd21d4w"	"Pepys, Charlotte Maria, Lady"			"f"		"1822-1889."	1860		1860	4	4	"v.2"	"London;Hurst and Blackett"	"NotFiction"	"Description and travel|Eu"	"nonfic"	"A journey on a plank from Kiev to Eaux-Bonnes, 1859"
"mdp.39015063953916"	"Russell, William Clark"			"m"	"uk"	"1844-1911."	1896	1896	1896	1	1		"New York;New Amsterdam co"	"Fiction"		"novel"	"A noble haul"
"nyp.33433067277339"	"Landon, Melville D. (Melville De Lancey)"					"1839-1910."	1891		1891	3	3		"Chicago;F.C. Smedley;1891"	"ContainsBiogMaterial|NotF"	"American wit and humor|Un"	"nonfic"	"Wise, witty, eloquent kings of the platform and pulpit : biographies, reminiscences and lectures ... : and personal reminiscences and anecdotes of noted Americans"
"uiuo.ark+=13960=t8kd2530k"	"Algernon"				"uk"		1815		1815	3	3	"v.3"	"London;J. Johnston;1815."			"novel"	"The royal wanderer, or, The exile of England"
"hvd.32044086799087"	"Opie, Amelia Alderson"			"f"	"uk"	"1769-1853."	1827	1801	1827	1	1		"Boston;S.G. Goodrich;1827"	"Fiction"		"novel"	"The father and daughter : a tale"
"uiuo.ark+=13960=t76t15q92"	"Lamb, Caroline"			"f"	"uk"	"1785-1828"	1816	1816	1816	6	6	"v.3"	"London;Printed for H. Col"			"novel"	"Glenarvon"
"uc1.b309384"	"Morris, William"			"m"	"uk"	"1834-1896."	1896	1600	1896	5	5		"London;G. Allen;1896."	"NotFiction"	"Romances"	"reprint"	"Old French romances"
"uiuo.ark+=13960=t4kk9xr6c"	"Carlyon"	"Payn, James"		"m"	"uk"	"1830-1898"	1868	1868	1868	2	2	"v.1"	"London;Bradbury, Evans, a"			"novel"	"Carlyon's year"
"uc2.ark+=13960=fk3nv99f7f"	"Atherton, Gertrude Franklin Horn"			"f"	"us"	"1857-1948."	1903		1903	1	1		"New York;The Macmillan Co"			"novel"	"Mrs. Pendleton's four-in-hand"
"nyp.33433074867130"	"Jefferies, Richard"			"m"	"uk"	"1848-1887."	1874		1874	2	2		"London;Tinsley Bros.;1874"	"Fiction"		"novel"	"The scarlet shawl. A novel"
"nyp.33433076022163"	"Southworth, Emma Dorothy Eliza Nevitte"			"f"	"us"	"1819-1899."	1871		1871	4	2		"Philadelphia;T. B. Peters"	"Fiction|NotFiction"		"novel"	"Cruel as the grave"
"mdp.39015063869997"	"Gaspey, Thomas"			"m"	"uk"	"1788-1871."	1822	1822	1822	6	6	"v.1"	"London;Longman, Hurst, Re"	"Fiction"	"Fiction|Lollards"	"novel"	"The Lollards: a tale, founded on the persecutions which marked the early part of the fifteenth century"
"uc1.$b87010"	"Bullett, Gerald William"			"m"	"uk"	"1894-1958."	1936		1936	1	1		"New York|A. A. Knopf|1936"	"Fiction"		"novel"	"The snare of the fowler"
"uc2.ark+=13960=t01z4419q"	"Adams, William"			"m"	"uk"	"1814-1848."	1849	1848	1848	3	3		"London;F.&J. Rivington;18"	"UnknownGenre"	"Christian life"	"novel"	"Sacred allegories"
"pst.000025465600"	"Carey, Peter"			"m"	"au"	"1943-"	1981		1981	2	2		"New York|Vintage Books|19"	"Domestic fiction|NotFicti"	"Men|Australia|Near-death "	"novel"	"Bliss"
"uc2.ark+=13960=t5n874t8r"							1886		1886	1	1	"v.001"	"S.l.;Printed by the Burto"			"shortstories"	"Supplemental nights to the Book of the thousand nights and a night"
"hvd.hwjt4e"	"Ellis, Sarah Stickney"			"f"	"uk"	"1812-1872."	1842		1842	2	2		"New York;D. Appleton & Co"	"Fiction|NotFiction"		"novel"	"Somerville Hall : or, Hints to those who would make home happy"
"inu.39000002220668"	"Leonard, Elmore"			"m"	"us"	"1925-2013."	1978		1977	1	1		"London|Secker & Warburg|1"	"NotFiction"		"novel"	"The hunted / Elmore Leonard"
"nyp.33433074958525"	"Dale, Mary"			"f"	"us"		1909		1909	1	1		"New York City;Aberdeen Pu"	"Fiction"		"novel"	"Miss Eagle, the suffragette"
"uc1.$b803103"	"Mock, F. G"						1905		1905	1	1		"Portland, Or.;Irwin-Hodso"	"Fiction"	"Fiction|Indians of North "	"novel"	"Blue Eye : a story of the people of the plains"
"mdp.39015036697095"	"Jameson, (Anna), Mrs"					"1794-1860."	1855		1855	1	1		"London;Longmans, Brown, G"	"Fiction"		"nonfic"	"A commonplace book of thoughts, memories, and fancies. Original and selected"
"uc1.$b106136"	"Weidman, Jerome"			"m"	"us"	"1913-"	1955		1955	1	1		"Garden City, N. Y.|Double"	"Fiction"		"novel"	"Your daughter Iris, a novel"
"uc1.$b63779"	"Sinclair, Marjorie Jane Putnam"			"f"	"us"		1947		1947	2	2		"New York|The John Day com"	"Fiction"		"novel"	"Kona, a novel"
"inu.30000057526448"	"Monfredo, Miriam Grace"			"f"	"us"		1993		1993	1	1		"New York|Berkley Prime Cr"	"Fiction|Historical fictio"	"Underground Railroad|Wome"	"novel"	"North star conspiracy"
"uiuo.ark+=13960=t6nz8ts84"	"Bride"						1852		1852	3	3	"v.3"	"London;Thomas Cautley New"			"novel"	"The bride elect, a novel"
"nyp.33433075820146"	"Bungener, Félix"			"m"	"swi"	"1804-1874."	1853		1853	2	2	"v. 2"	"Boston;Gould and Lincoln;"	"Fiction"	"History|Fiction|Louis XV,"	"novel"	"The Priest and the Huguenot"
"uc2.ark+=13960=t9m32qt03"	"Roe, E. R"				"us"		1882		1882	1	1		"Boston;Estes and Lauriet;"			"novel"	"Brought to bay"
"mdp.39015026297633"	"Queen, Ellery"	"Dannay, Frederick|Lee, Manfred"		"m"	"us"		1931		1931	1	1		"New York|Frederick A. Sto"	"Fiction"		"novel"	"The Dutch shoe mystery, a problem in deduction"
"mdp.39015056687810"	"Jelliffe, Belinda Dobson, Mrs"			"f"	"us"	"1892-"	2002	1936	2002	1	1		"Kent, Ohio|Kent State Uni"	"Bibliographies|Fiction"	"Rural families|Poor women"	"shortstories"	"For dear life and selected short stories"
"uiuo.ark+=13960=t0sq96369"	"Cockton, Henry"			"m"	"uk"	"1807-1853."	1841		1841	7	7	"v.3"	"London;Richard Bentley .."	"Fiction|NotFiction"	"823C64ST|English fiction"	"novel"	"Stanley Thorn"
"uva.x030788093"	"Manning-Brewer, Estelle Hempstead"			"f"	"us"	"b. 1882."	1902		1902	1	1		"Washington, D.C.;The Neal"	"NotFiction"		"novel"	"Hafiz: a story of adventure and romance told from old family love letters written during the exciting events of the barionial feuds of seventeen hundred and thirty-four"
"uc1.b4376305"							1983		1983	1	1		"Seoul, Korea|Si-sa-yong-o"	"Fiction"	"Fiction|Social life and c"	"shortstories"	"Two travelers : and other Korean short stories"
"nyp.33433082304241"	"Schenck, J. W, Mrs"			"f"			1868		1868	1	1		"New York;American Tract S"	"NotFiction"	"Children's stories, Ameri"	"juvenile"	"The rescued child"
"uc1.$b56302"	"Dane, Clemence"	"Ashton, Winifred"		"f"	"uk"	"1888-1965"	1938		1938	1	1		"New York|Doubleday, Doran"	"NotFiction"		"novel"	"The moon is feminine :"
"uiuo.ark+=13960=t3bz6rg8w"							1828		1828	2	2	"v.2"	"London;H. Colburn;1828."			"novel"	"The Night watch, or, Tales of the sea"
"njp.32101064914821"	"Martyn, Sarah Towne (Smith), Mrs"			"f"	"us"	"1805-1879."	1869		1869	1	1		"New York;The American tra"	"Fiction"	"Seige, 1565|Fiction|Knigh"	"novel"	"The crescent and the cross. A story of the siege of Malta"
"njp.32101066459015"	"Gibbon, Charles"			"m"	"uk"	"1843-1890."	1881		1881	2	2	"v.2"	"London;Chatto & Windus;18"	"Fiction"		"novel"	"A heart's problem"
"uc2.ark+=13960=t2n58fd17"	"Optic, Oliver"			"m"	"us"	"1822-1897."	1895		1895	1	1		"Boston;Lee and Shepard;18"			"juvenile"	"Seek and find;"
"mdp.39015063937059"	"Pratt, Theodore"			"m"	"us"	"1901-1969"	1937		1937	1	1		"New York|E. P. Dutton & c"	"Fiction"		"novel"	"Murder goes in a trailer;"
"mdp.39015022285798"	"Anaya, Rudolfo A"			"m"	"us"	"b. 1937"	1979		1979	1	1		"Albuquerque|University of"	"Fiction"		"novel"	"Tortuga : a novel"
"uc1.b4351525"	"Lewis, Robert"			"m"	"us"	"1916-"	1967		1967	2	2		"New York|Simon and Schust"	"NotFiction"		"novel"	"Michel, Michel; a novel"
"uc1.b4102448"	"Newman, John Henry"			"m"	"uk"	"1801-1890."	1856	1855	1856	8	2		"New York;Boston;D. & J. S"	"Fiction|NotFiction"	"Church history|Primitive "	"novel"	"Callista; a sketch of the third century"
"uc1.$b702262"	"Deitrick, Marion Rolfe Johnson"					"1903-"	1926		1926	2	2		"Lima, Peru|The West Coast"	"NotFiction"	"Tacna-Arica question"	"nonfic"	"What price Tacna-Arica?"
"uc2.ark+=13960=t5s75cj3s"	"Smart, Hawley"			"m"	"uk"	"1833-1893."	1871		1871	6	6	"v.1"	"London;R. Bentley;1871."			"novel"	"Cecile; or, Modern idolaters"
"mdp.39015025820856"	"Harnack, Curtis"			"m"	"us"	"1927-2013"	1977		1977	2	2		"Garden City, N.Y.|Doubled"	"Fiction"		"novel"	"Under my wings everything prospers"
"uc1.$b703452"	"Mass, Nuri"			"f"	"au"		1956		1956	1	1		"Sydney|Writers' Press|195"	"NotFiction"	"Indians of South America|"	"juvenile"	"Where the Incas trod;"
"uc1.$b301106"	"Lawson, Will"			"m"	"au"	"1876-1957."	1939	1936	1939	1	1		"Sydney|New Century Press|"	"NotFiction"		"novel"	"When Cobb and Co. was king"
"uc1.b3325432"	"Edgeworth, Maria"			"f"	"uk"	"1768-1849."	1817		1817	7	4	"v. 3"	"London;Printed for R. Hun"	"Fiction|NotFiction"		"novel"	"Ormond"
"njp.32101068168945"	"Fothergill, Jessie"			"f"	"uk"	"1851-1891."	1881		1881	1	1		"New York;H. Holt;1881."	"Fiction"		"novel"	"One of three, : and, Made or marred"
"mdp.39015013004612"	"Donchev, Anton"			"m"	"bu"	"b. 1930"	1967		1967	3	3		"London|Owen|1967"	"Fiction"		"novel"	"Time of parting: a novel;"
"uiuo.ark+=13960=t0ht3526q"	"Mainwaring, Kate"			"f"	"uk"		1873		1873	3	3	"v.2"	"London;S. Tinsley;1873."			"novel"	"Is it for ever?"
"mdp.39015006565108"	"Hunter, Mollie"			"f"		"1922-"	1968		1964	1	1		"New York|Avon|1968, c1964"	"UnknownGenre"		"novel"	"The kelpie's pearls"
"uiuo.ark+=13960=t3jw8vm7c"							1810		1810	1	1	"v.4"	"London;Printed for the au"			"novel"	"The adulteress ; or, anecdotes of two noble families"
"uc2.ark+=13960=t0tq5t878"							1854		1854	2	2		"Boston;Phillips, Sampson,"		"Children's stories|Childr"	"juvenile"	"The Cheerful heart; or, ''A silver lining to every cloud.''"
"uc1.b4350583"	"Panati, Charles"			"m"	"us"	"1943-"	1982		1982	1	1		"New York, N.Y.|St. Martin"	"Fiction"		"novel"	"The pleasuring of Rory Malone"
"hvd.rsmcsi"	"Adams, Hannah"					"1755-1831."	1801		1801	1	1		"Boston;Printed by and for"	"Fiction"	"Religion|Dictionaries"	"nonfic"	"A view of religions, in two parts. Pt.I. Containing an alphabetical compendium of the various religious denominations, which have appeared in the world, from the beginning of the Christian era to the present day. Pt.II. Containing a brief account of the different schemes of religion now embraced among mankind. The whole collected from the best authors, ancient and modern"
"mdp.39015016452966"	"Barlow, James"			"m"	"uk"	"1921-1973"	1962		1961	1	1		"New York|Simon and Schust"	"Fiction"		"novel"	"Term of trial"
"uc2.ark+=13960=t8mc8zr77"	"Free, Richard William"						1904		1904	3	3		"London;W. Heinemann;1904."		"London|Poor|IsBiographica"	"nonfic"	"Seven years' hard"
"wu.89001048909"	"Reade, Charles"			"m"	"uk"	"1814-1884."	1800		1800	1	1	9	"New York|Collier|1902?"	"NotFiction"		"novel"	"The works of Charles Reade"
"mdp.39015054076024"	"Silko, Leslie Marmon"			"f"	"us"	"1948-"	1991		1991	1	1		"New York|Simon & Schuster"	"Fiction|Historical fictio"		"novel"	"Almanac of the dead : a novel"
"mdp.39015062986024"	"Blasco Ibáñez, Vicente"			"m"	"sp"	"1867-1928."	1920		1920	1	1		"New York;E. P. Dutton & c"	"NotFiction"		"novel"	"Woman triumphant (La maja desnuda)"
"mdp.39015063540085"	"Baird, Irene"			"f"			1937		1937	1	1		"Philadelphia|Toronto|J. B"	"Fiction"		"novel"	"John"
"mdp.39015030716958"	"Thubron, Colin"			"m"	"uk"	"1939-"	1977		1977	1	1		"London|Heinemann|1977."	"Fiction"		"novel"	"The god in the mountain : a novel"
"uc1.32106010377890"	"Soyinka, Wole"			"m"	"ni"	"b. 1934"	1965	1964	1965	3	3		"New York|Africana Pub. Co"	"Fiction|NotFiction"		"novel"	"The interpreters"
"pst.000003824955"	"Flaubert, Gustave"			"m"	"fr"	"1821-1880."	1904	1856	1880	1	1	"v.2"	"Akron, O.;St. Dunstan Soc"	"NotFiction"		"novel"	"Madam Bovary, including a complete report of the trial of the author. Aboard the Cange. Novembre"
"nyp.33433082352042"	"baron de, Lamothe-Langon, Etienne-Léon"			"m"	"fr"	"1786-1864."	1830		1830	8	4	"v. 1"	"London;Whittaker, Treache"	"ContainsBiogMaterial|NotF"	"comtesse|Du Barry, Jeanne"	"novel"	"Memoirs of Madame Du Barri"
"wu.89098012545"	"Bradshaw, Margaret"			"f"			1897		1897	1	1		"Boston;J. H. Earle;c1897."	"Fiction"		"novel"	"My heart remembers how"
"mdp.39015046831361"	"Theroux, Paul"			"m"	"us"	"b 1941"	1982	1981	1982	2	2		"Boston|Houghton Mifflin|1"	"Fiction"		"novel"	"The Mosquito Coast : a novel"
"uc1.b3727846"	"Stacton, David"			"m"	"us"	"1925-1968."	1958		1958	1	1		"London|Faber and Faber|19"	"NotFiction"	"Akhenaton|Queen of Egypt|"	"novel"	"On a balcony"
"mdp.39015050980864"	"Tinniswood, Peter"			"m"	"uk"	"1936-2003."	1986		1986	1	1		"London|Pavilion Books|198"	"UnknownGenre"		"novel"	"Uncle Mort's north country"
"uc2.ark+=13960=t5p846g0d"	"Dalziel, James"			"m"	"uk"		1907		1907	1	1		"London;T. Fisher Unwin;19"			"shortstories"	"In the first watch"
"mdp.39015056303046"	"Caswell, Brian"			"m"	"au"	"1954-"	2002		2002	1	1		"St. Lucia, Qld.|Universit"	"Novel"	"Young adult fiction, Aust"	"novel"	"The full story"
"mdp.39015077669524"	"Golightly, Walton"			"m"	"sa"	"b. 1966"	2008		2008	1	1		"London|Quercus|2008."	"Fiction|Historical fictio"	"1787?-1828|Fiction|Zulu ("	"novel"	"AmaZulu : being the many divers adventures of the Induna & the boy among the People of the Sky in the time of Shaka kaSenzangakhona, King of Kings"
"uc2.ark+=13960=t45q4t061"	"Higgins, Thomas W"			"m"			1858		1858	1	1		"Boston;Published for the "			"novel"	"The crooked elm, or, Life by the way-side"
"uva.x004786557"	"Barbauld, (Anna Letitia), Mrs"			"f"	"uk"	"1743-1825."	1814		1814	2	2		"Dublin;J. Cumming;1814."	"NotFiction"	"Readers"	"juvenile"	"Lessons for children from three to four years old"
"uc1.b3581552"	"Mitford, Mary Russell"			"f"	"uk"	"1787-1855."	1837		1837	3	3		"London;Saunders and Otley"	"Fiction"		"shortstories"	"Country stories"
"uc2.ark+=13960=t9j38mf0k"	"Stimson, Frederic Jessup"			"m"	"us"	"1855-1943."	1896		1896	1	1		"New York;Charles Scribner"		"King Philip's War, 1675-1"	"novel"	"King Noanett"
"mdp.39015054294908"	"Littell, Robert"			"m"	"us"	"1935-"	2002		2002	1	1		"New York|Overlook Press|2"	"Fiction"	"United States|Fiction|Int"	"novel"	"The company : a novel of the CIA"
"mdp.39015024390315"	"Norris, Kathleen Thompson"			"f"	"us"	"1880-1966."	1932		1932	1	1		"New York|Chicago|A. L. Bu"	"Fiction"		"novel"	"Treehaven"
"mdp.39015006571692"	"Coles, Manning, pseud"	"Manning, Adelaide|Coles, Cyril"		"u"	"uk"		1945		1945	1	1		"Garden City, New York|Pub"	"Fiction"		"novel"	"Green hazard"
"uiuo.ark+=13960=t1zc8fb6b"	"Lockhart, Laurence W. M"			"m"			1871		1871	3	3	"v.1"	"Edinburgh ; London;W. Bla"			"novel"	"Fair to see"
"dul1.ark+=13960=t46q2t31h"	"Andrews, Charles"			"m"			1815		1815	3	3		"New York;Printed for the "		"War of 1812|United States"	"nonfic"	"The prisoners' memoirs"
"hvd.hn2ghd"	"Sanders, Charlotte"			"f"			1803		1803	1	1		"London;Printed for J. Maw"	"Juvenile audience|Fiction"		"juvenile"	"Holidays at home : written for the amusement of young persons"
"mdp.39015029573493"	"Higgins, Charles J"			"m"		"1871-"	1954		1954	1	1		"Boston|Meador Pub. Co.|19"	"Fiction"	"Fiction|Crusades"	"novel"	"The maid of Keràk"
"uiuo.ark+=13960=t9g44zz14"	"Grey, Oliver"			"m"			1886		1886	3	3	"v.2"	"London;Remington;1886."		"823B8133V"	"novel"	"A virgin widow"
"nyp.33433075744825"	"Oxenham, John"	"Dunkerley, William Arthur"		"m"	"uk"	"1852-1941."	1905	1902	1905	1	1		"London [etc.;Cassell and "	"Fiction"	"English fiction|Fiction|H"	"novel"	"Under the iron flail"
"mdp.39015029714352"	"Rotor, Arturo B (Arturo Belleza)"			"m"	"ph"	"1907-1988"	1937		1937	1	1		"Manila|Philippine Book Gu"	"Fiction"		"shortstories"	"The wound and the scar; selected stories"
"mdp.39015032903190"	"Haugaard, Erik Christian"						1993		1993	1	1		"Niwot, Colo.|Roberts Rine"	"NotFiction"	"United States|Pirates|Juv"	"juvenile"	"Under the black flag"
"mdp.39015056033494"	"Morgan, (Sydney), Lady"			"f"	"ir"	"1783-1859."	1811	1811	1811	5	5	"v.1"	"London;Printed for J. J. "	"Fiction|NotFiction"		"novel"	"The missionary: an Indian tale"
"nnc1.0043378153"	"Maturin, Charles Robert"			"m"	"ir"	"1780-1824."	1812		1812	4	4	"v.3"	"London;Printed for Henry "	"Fiction"		"novel"	"The Milesian chief.  A romance"
"uiuo.ark+=13960=t08w42g96"	"Pigott, Harriet"			"f"	"uk"	"1775-1846"	1804		1804	4	4	"v.1"	"London;Parsons;1804."			"novel"	"The pride of ancestry: or, Who is she?"
"hvd.hwecmn"	"James, G. P. R. (George Payne Rainsford)"			"m"	"uk"	"1801?-1860."	1835		1835	2	2	"v.1"	"New-York;Harper;1835."	"Fiction"		"novel"	"The Gipsy : a tale / by (G.P.R. James)"
"uc2.ark+=13960=t5q815650"	"Hawthorne, Nathaniel"			"m"	"us"	"1804-1864."	1883	1853	1864	1	1	"v.04"	"Cambridge;Printed at the "			"juvenile"	"Tanglewood Tales"
"mdp.39076006767078"	"Kipling, Rudyard"			"m"	"uk"	"1865-1936."	1949		1936	1	1		"London|Macmillan|1949."	"Fiction"		"shortstories"	"Debits and credits"
"mdp.39015038922723"	"Lewis, C. S. (Clive Staples)"			"m"	"uk"	"1898-1963."	1956		1956	3	3		"London|The Bodley Head|19"	"NotFiction"		"juvenile"	"The last battle, a story for children;"
"mdp.39015071202348"	"Schoolland, Marian M"			"f"		"1902-"	1954		1954	1	1		"Grand Rapids, Mich.|W.B. "	"Fiction"	"1811-1876|Dutch Americans"	"novel"	"A land I will show thee, a novel"
"miun.aje0708.0011.001"	"Huxley, Aldous"			"m"	"uk"	"1894-1963."	1946		1946	1	1	"v.11"	"London|Chatto & Windus|19"	"NotFiction"		"novel"	"[The collected works of Aldous Huxley]"
"mdp.39015048903887"	"Marie, Queen, consort of Ferdinand I, King of Romania"			"f"	"ro"	"1875-1938."	1926		1926	1	1		"New York|Alfred A. Knopf|"	"Fiction"		"novel"	"The voice on the mountain : a story for those who understand"
"uiuo.ark+=13960=t8nc6mq2s"	"Trollope, Thomas Adolphus"			"m"	"uk"	"1810-1892."	1863		1863	4	4	"v.2"	"London;Chapman and Hall;1"			"novel"	"Giulio Malatesta"
"mdp.39015047446235"	"Rinaldi, Nicholas"			"m"	"us"	"1934-"	1999		1999	1	1		"New York|Simon & Schuster"	"Love stories|Fiction"	"Fiction|Malta|History|Wor"	"novel"	"The jukebox queen of Malta"
"uiuo.ark+=13960=t3st87x1j"	"Warner, Miss"			"f"	"uk"		1808		1808	3	3	"v.1"	"Bath;Printed by Richard C"			"novel"	"Herbert-Lodge"
"nyp.33433082284054"							1845		1845	1	1		"New York;J.C. Riker;1845."	"Fiction"	"Gift books"	"shortstories"	"The Hawthorn : a Christmas and New Year's present.  MDCCCXLV"
"uc1.32106000245727"	"King, Alexander"			"m"		"1900-1965."	1961		1961	2	2		"New York|Simon and Schust"	"NotFiction"		"nonfic"	"I should have kissed her more"
"hvd.hn1q45"							1839		1839	1	1	"v.1"	"Philadelphia;Lea & Blanch"	"Fiction"		"novel"	"Concealment: a novel"
"inu.39000005640151"	"Kellett, E. E. (Ernest Edward)"			"m"	"uk"	"1864-1950."	1930		1930	1	1		"London|Constable|1930."	"NotFiction"		"novel"	"The conflict : a saga of the seventh century"
"mdp.39015053616549"	"Morrow, James"			"m"	"us"	"1947-"	1981		1981	3	3		"New York|Holt, Rinehart a"	"Fiction|NotFiction"		"novel"	"The wine of violence"
"nyp.33433081587580"	"Ridge, W. Pett (William Pett)"			"m"	"uk"	"d. 1930."	1905		1905	1	1		"London;Methuen;1905."	"Novel"		"novel"	"Mrs. Galer's business"
"uc1.$b300883"	"Hitchens, Dolores"			"f"	"us"	"1907-1973."	1942		1942	1	1		"Garden City, N.Y.|Publish"	"Fiction"		"novel"	"The alarm of the black cat"
